gene,invivo,invitro
AAGAB,ENST00000558725,ENST00000558725
AAMP,ENST00000420660,
AATF,ENST00000619387,ENST00000619387
ABRACL,ENST00000367660,ENST00000367660
ABT1,ENST00000274849,ENST00000274849
AC004148.2,ENST00000575890,ENST00000575890
AC010422.5,ENST00000597961,ENST00000597961
AC010619.2,ENST00000595815,ENST00000595815
AC011005.1,ENST00000467614,ENST00000467614
AC011448.1,"ENST00000586674
ENST00000555938","ENST00000586674
ENST00000555938"
AC012146.1,,ENST00000413077
AC013489.1,ENST00000561140,ENST00000561140
AC023055.1,ENST00000552719,ENST00000552719
AC073869.1,ENST00000438378,ENST00000438378
AC087632.1,ENST00000625619,ENST00000625619
AC092647.5,ENST00000426595,ENST00000426595
AC099329.1,ENST00000625589,ENST00000625589
AC104109.3,ENST00000519718,ENST00000519718
AC138811.2,ENST00000567078,ENST00000567078
AC139530.2,ENST00000571730,ENST00000571730
AC245033.1,ENST00000562833,ENST00000562833
ACAT1,ENST00000528370,ENST00000528370
ACAT2,ENST00000367048,ENST00000367048
ACLY,ENST00000537919,ENST00000537919
ACOT1,ENST00000311148,
ACP1,ENST00000405233,ENST00000405233
ACTB,ENST00000464611,ENST00000464611
ACTL6A,ENST00000392662,ENST00000392662
ACTR1A,ENST00000470322,
ADD3,,ENST00000360162
ADH5,"ENST00000508146
ENST00000503130","ENST00000508146
ENST00000503130"
ADHFE1,ENST00000523113,ENST00000523113
ADI1,ENST00000327435,ENST00000327435
ADIPOR1,ENST00000417068,ENST00000417068
AEN,ENST00000332810,
AGK,ENST00000473247,ENST00000473247
AHSA1,ENST00000555517,ENST00000555517
AIG1,ENST00000357847,ENST00000357847
AL035425.2,ENST00000563887,ENST00000563887
AL035425.3,ENST00000564206,ENST00000564206
AL035425.4,ENST00000624509,ENST00000624509
AL035458.2,ENST00000512005,ENST00000512005
AL162258.1,ENST00000497086,
AL360012.1,ENST00000602813,ENST00000602813
AL390195.1,ENST00000416099,ENST00000416099
AL513165.2,ENST00000544475,ENST00000544475
AL589765.4,ENST00000512280,
AL645465.1,ENST00000417765,ENST00000417765
AL662899.3,,ENST00000375880
ALDH9A1,ENST00000491436,ENST00000491436
ALDOA,ENST00000562679,ENST00000562679
ALG5,ENST00000486410,ENST00000486410
ALYREF,ENST00000505490,ENST00000505490
AMOT,"ENST00000462114
ENST00000524145","ENST00000462114
ENST00000524145"
ANAPC11,ENST00000574924,ENST00000574924
ANAPC5,ENST00000261819,ENST00000261819
ANP32A,ENST00000495764,ENST00000495764
ANP32B,ENST00000339399,ENST00000339399
ANP32E,ENST00000534437,ENST00000534437
ANXA7,ENST00000492380,ENST00000492380
AP000311.1,ENST00000429238,ENST00000429238
AP000350.4,ENST00000433835,ENST00000433835
AP000721.1,ENST00000535431,ENST00000535431
AP005263.1,ENST00000578850,ENST00000578850
AP1S1,ENST00000429457,ENST00000429457
AP1S2,ENST00000450644,ENST00000450644
AP2S1,ENST00000263270,ENST00000263270
APH1A,ENST00000236017,ENST00000236017
APRT,ENST00000378364,ENST00000378364
ARCN1,ENST00000359415,ENST00000359415
ARF1,ENST00000490705,ENST00000490705
ARF4,ENST00000495354,ENST00000495354
ARG2,ENST00000261783,
ARGLU1,ENST00000360629,ENST00000360629
ARIH2,ENST00000449376,ENST00000449376
ARL1,,ENST00000549302
ARL6IP5,ENST00000273258,ENST00000273258
ARPC3,ENST00000228825,ENST00000228825
ARPC4,ENST00000397261,ENST00000397261
ARPC5,ENST00000462965,ENST00000462965
ATF4,ENST00000404241,ENST00000404241
ATG3,ENST00000283290,ENST00000283290
ATG4C,ENST00000317868,ENST00000317868
ATIC,"ENST00000446622
ENST00000426233","ENST00000446622
ENST00000426233"
ATP1A1,ENST00000479960,ENST00000479960
ATP1B3,ENST00000475483,ENST00000475483
ATP2A1-AS1,ENST00000566956,ENST00000566956
ATP5A1,ENST00000592989,ENST00000592989
ATP5A1P2,ENST00000616464,ENST00000616464
ATP5B,ENST00000262030,ENST00000262030
ATP5C1,ENST00000356708,ENST00000356708
ATP5E,ENST00000243997,ENST00000243997
ATP5F1,ENST00000369722,ENST00000369722
ATP5G2,ENST00000394349,ENST00000394349
ATP5G3,ENST00000409194,ENST00000409194
ATP5H,ENST00000301587,ENST00000301587
ATP5I,ENST00000304312,ENST00000304312
ATP5J,ENST00000284971,ENST00000284971
ATP5J2,ENST00000292475,ENST00000292475
ATP5J2-PTCD1,ENST00000413834,ENST00000413834
ATP5L,"ENST00000529460
ENST00000524422","ENST00000529460
ENST00000524422"
ATP5O,ENST00000290299,ENST00000290299
ATP6V0C,ENST00000565223,ENST00000565223
ATP6V1B2,ENST00000276390,
ATP6V1E1,ENST00000460085,
ATP6V1F,ENST00000249289,ENST00000249289
ATP6V1G1,ENST00000374050,ENST00000374050
ATPIF1,ENST00000335514,ENST00000335514
ATXN10,ENST00000402380,ENST00000402380
AURKAIP1,ENST00000338338,ENST00000338338
B2M,ENST00000558401,ENST00000558401
BANF1,ENST00000524663,ENST00000524663
BCLAF1,,ENST00000530767
BEX3,ENST00000372645,ENST00000372645
BEX4,ENST00000372695,ENST00000372695
BIRC5,ENST00000589892,ENST00000589892
BLOC1S2,ENST00000370372,
BLVRA,ENST00000402924,
BMI1,ENST00000376663,ENST00000376663
BOD1,ENST00000311086,ENST00000311086
BOLA2B,ENST00000305321,ENST00000305321
BOLA3,ENST00000327428,ENST00000327428
BRIX1,ENST00000336767,ENST00000336767
BRK1,ENST00000530758,ENST00000530758
BSG,ENST00000574970,ENST00000574970
BTF3,ENST00000335895,ENST00000335895
BTG3,ENST00000348354,ENST00000348354
BUB3,ENST00000368865,ENST00000368865
C11orf98,ENST00000524958,
C12orf57,ENST00000229281,ENST00000229281
C12orf75,ENST00000548336,ENST00000548336
C14orf166,ENST00000261700,ENST00000261700
C14orf2,ENST00000553449,ENST00000553449
C18orf21,ENST00000610527,ENST00000610527
C19orf24,ENST00000409293,
C19orf48,ENST00000593287,ENST00000593287
C19orf53,ENST00000221576,ENST00000221576
C1QBP,ENST00000225698,ENST00000225698
C1orf123,ENST00000294360,
C20orf24,ENST00000639924,ENST00000639924
C4orf3,ENST00000399075,ENST00000399075
C5orf51,ENST00000381647,
C6orf48,ENST00000395788,
C7orf55-LUC7L2,ENST00000541515,ENST00000541515
C7orf73,ENST00000507606,ENST00000507606
C8orf59,ENST00000619594,ENST00000619594
C8orf76,ENST00000276704,ENST00000276704
CA2,ENST00000285379,ENST00000285379
CA8,ENST00000528666,ENST00000528666
CAAP1,ENST00000333916,ENST00000333916
CACYBP,ENST00000367679,ENST00000367679
CALM1,,ENST00000555132
CALM2,ENST00000272298,ENST00000272298
CALR,ENST00000316448,ENST00000316448
CANX,"ENST00000503303
ENST00000514383","ENST00000503303
ENST00000514383"
CAP1,,ENST00000372802
CAPRIN1,ENST00000529307,ENST00000529307
CAPZA1,ENST00000263168,ENST00000263168
CAPZA2,ENST00000490693,ENST00000490693
CASC3,ENST00000264645,
CBX1,ENST00000581003,ENST00000581003
CBX3,ENST00000396386,ENST00000396386
CBX4,ENST00000269397,ENST00000269397
CCDC124,ENST00000596123,ENST00000596123
CCDC167,ENST00000373408,ENST00000373408
CCDC47,ENST00000612558,ENST00000612558
CCDC58,ENST00000479414,ENST00000479414
CCDC71,ENST00000321895,ENST00000321895
CCNB1,ENST00000507798,ENST00000507798
CCNG1,ENST00000509425,ENST00000509425
CCT2,ENST00000299300,ENST00000299300
CCT3,ENST00000295688,ENST00000295688
CCT4,ENST00000394440,ENST00000394440
CCT5,ENST00000625723,ENST00000625723
CCT6A,ENST00000275603,ENST00000275603
CCT7,ENST00000540468,ENST00000540468
CCT8,ENST00000286788,ENST00000286788
CCZ1,ENST00000496860,ENST00000496860
CDC20,ENST00000482046,ENST00000482046
CDC23,ENST00000394884,ENST00000394884
CDC37,ENST00000589331,ENST00000589331
CDK1,ENST00000519760,ENST00000519760
CDK2,ENST00000266970,ENST00000266970
CDR2,ENST00000268383,ENST00000268383
CEBPZ,ENST00000446769,ENST00000446769
CENPS,ENST00000309048,ENST00000309048
CENPV,ENST00000631687,ENST00000631687
CENPW,ENST00000368328,ENST00000368328
CFL1,ENST00000527752,ENST00000527752
CHAC2,ENST00000295304,ENST00000295304
CHCHD1,ENST00000372833,ENST00000372833
CHCHD2,ENST00000395422,ENST00000395422
CHIC2,ENST00000263921,ENST00000263921
CHMP5,ENST00000487080,ENST00000487080
CHPT1,,ENST00000550385
CIAO1,ENST00000488633,ENST00000488633
CISD3,ENST00000613478,
CKB,ENST00000348956,ENST00000348956
CKS2,ENST00000314355,ENST00000314355
CLTB,,ENST00000310418
CMAS,ENST00000229329,ENST00000229329
CMPK1,ENST00000371873,ENST00000371873
CMSS1,ENST00000494412,ENST00000494412
CNBP,ENST00000451728,ENST00000451728
CNIH4,ENST00000465271,ENST00000465271
COA1,ENST00000488813,ENST00000488813
COA3,ENST00000328434,ENST00000328434
COA5,ENST00000328709,
COA7,ENST00000371538,ENST00000371538
COMMD3-BMI1,ENST00000602390,ENST00000602390
COMMD4,ENST00000564815,
COMMD6,ENST00000626103,
COPRS,ENST00000378634,ENST00000378634
COPS5,"ENST00000518768
ENST00000518747","ENST00000518768
ENST00000518747"
COPS9,ENST00000607357,ENST00000607357
COPZ1,ENST00000548753,ENST00000548753
COQ4,ENST00000609948,ENST00000609948
COQ5,ENST00000288532,ENST00000288532
COX11,ENST00000299335,ENST00000299335
COX4I1,ENST00000253452,ENST00000253452
COX5A,ENST00000568517,ENST00000568517
COX5B,ENST00000258424,ENST00000258424
COX6A1,ENST00000229379,ENST00000229379
COX6B1,ENST00000246554,ENST00000246554
COX6C,ENST00000520468,ENST00000520468
COX7A2,ENST00000370081,ENST00000370081
COX7B,ENST00000481445,ENST00000481445
COX7C,ENST00000247655,ENST00000247655
COX8A,ENST00000314133,ENST00000314133
CREG1,ENST00000370509,ENST00000370509
CRIPT,ENST00000238892,
CRNDE,ENST00000501177,
CSDE1,ENST00000534389,ENST00000534389
CSE1L,ENST00000262982,ENST00000262982
CSK,ENST00000220003,
CSNK2B,ENST00000375882,ENST00000375882
CST3,ENST00000376925,ENST00000376925
CSTB,ENST00000291568,ENST00000291568
CSTF2T,ENST00000331173,ENST00000331173
CTBP1,ENST00000503594,
CTSL,ENST00000340342,ENST00000340342
CTSV,,ENST00000259470
CUEDC2,ENST00000465409,ENST00000465409
CUL1,ENST00000325222,ENST00000325222
CUL4B,ENST00000371322,ENST00000371322
CUTC,ENST00000370476,ENST00000370476
CWC22,,ENST00000410053
CYB5A,ENST00000340533,
CYB5B,ENST00000561792,ENST00000561792
CYC1,ENST00000318911,ENST00000318911
CYCS,ENST00000305786,ENST00000305786
CYSTM1,ENST00000261811,ENST00000261811
DAD1,ENST00000250498,ENST00000250498
DANCR,ENST00000411630,ENST00000411630
DAP,ENST00000230895,ENST00000230895
DARS,ENST00000422708,ENST00000422708
DCTPP1,ENST00000319285,ENST00000319285
DDRGK1,ENST00000496781,ENST00000496781
DDT,ENST00000428792,ENST00000428792
DDTL,ENST00000215770,ENST00000215770
DDX17,ENST00000432525,ENST00000432525
DDX39B,ENST00000419020,ENST00000419020
DDX3X,ENST00000457138,ENST00000457138
DDX5,ENST00000581697,ENST00000581697
DEF8,ENST00000610455,ENST00000610455
DEK,ENST00000507591,ENST00000507591
DERL1,ENST00000419562,ENST00000419562
DERL2,ENST00000158771,ENST00000158771
DHX33,ENST00000225296,
DHX40,ENST00000251241,ENST00000251241
DHX9,ENST00000367549,ENST00000367549
DIMT1,ENST00000506390,ENST00000506390
DKC1,ENST00000413910,ENST00000413910
DLD,ENST00000205402,ENST00000205402
DLX2,ENST00000234198,ENST00000234198
DMAC1,ENST00000358227,ENST00000358227
DNAAF5,ENST00000297440,ENST00000297440
DNAJA1,ENST00000330899,ENST00000330899
DNAJC12,ENST00000225171,ENST00000225171
DNAJC8,ENST00000263697,ENST00000263697
DNAJC9,ENST00000453189,ENST00000453189
DTD1,ENST00000377452,ENST00000377452
DUT,ENST00000561350,ENST00000561350
DYNLL1,ENST00000242577,ENST00000242577
DYNLL2,ENST00000579991,
DYNLT1,ENST00000367089,ENST00000367089
E2F4,ENST00000379378,ENST00000379378
EAPP,ENST00000554792,ENST00000554792
EBNA1BP2,ENST00000463906,ENST00000463906
ECHS1,ENST00000368547,ENST00000368547
EDF1,ENST00000224073,ENST00000224073
EEF1A1,ENST00000356303,ENST00000356303
EEF1B2,ENST00000392222,ENST00000392222
EEF1G,ENST00000329251,ENST00000329251
EEF2,ENST00000309311,ENST00000309311
EFHD2,ENST00000375980,ENST00000375980
EID1,ENST00000530028,ENST00000530028
EIF1,ENST00000586699,ENST00000586699
EIF2A,ENST00000273435,ENST00000273435
EIF2B3,ENST00000360403,
EIF2S2,ENST00000374980,ENST00000374980
EIF2S3,ENST00000253039,ENST00000253039
EIF3E,ENST00000220849,ENST00000220849
EIF3G,ENST00000593054,ENST00000253108
EIF3I,ENST00000373586,ENST00000373586
EIF3L,ENST00000464790,ENST00000464790
EIF3M,ENST00000524896,ENST00000524896
EIF4A1,ENST00000583389,ENST00000583389
EIF4E2,ENST00000258416,
EIF4EBP1,ENST00000338825,ENST00000338825
EIF4G2,ENST00000531180,ENST00000531180
EIF5A,ENST00000336458,ENST00000336458
EIF6,,ENST00000374450
ELOB,ENST00000409906,ENST00000409906
ELOVL4,ENST00000369816,
ELP5,ENST00000574255,ENST00000574255
EMC10,ENST00000597426,ENST00000597426
EMC6,ENST00000248378,ENST00000248378
EMD,ENST00000492448,ENST00000492448
EMG1,,ENST00000539196
ENAH,ENST00000635051,ENST00000635051
ENO1,ENST00000234590,ENST00000234590
ENSA,ENST00000362052,ENST00000362052
EPRS,ENST00000468487,ENST00000468487
ERG28,ENST00000256319,ENST00000256319
ERGIC3,,"ENST00000486268
ENST00000451605"
ERH,ENST00000557016,ENST00000557016
ESD,ENST00000378720,ENST00000378720
ETFB,ENST00000354232,ENST00000354232
EWSR1,ENST00000397938,ENST00000397938
EXOSC1,ENST00000370902,ENST00000370902
EXOSC3,ENST00000327304,ENST00000327304
EZR,ENST00000337147,ENST00000337147
FAM103A1,ENST00000304191,
FAM120A,ENST00000427765,
FAM162A,ENST00000477892,ENST00000477892
FAM32A,ENST00000588367,ENST00000588367
FAM96A,ENST00000558779,ENST00000558779
FARSB,ENST00000281828,ENST00000281828
FAU,ENST00000529639,ENST00000529639
FBL,ENST00000597224,ENST00000597224
FBXO22,ENST00000565036,ENST00000565036
FBXO9,ENST00000244426,
FDPS,ENST00000447866,ENST00000447866
FH,ENST00000366560,ENST00000366560
FIS1,ENST00000223136,ENST00000223136
FKBP3,ENST00000396062,ENST00000396062
FKBP4,ENST00000001008,ENST00000001008
FLAD1,ENST00000368431,
FOXD1,ENST00000615637,ENST00000615637
FOXF2,ENST00000259806,ENST00000259806
FTH1,ENST00000529631,ENST00000529631
FTL,ENST00000331825,ENST00000331825
FUBP1,ENST00000470287,
FUBP3,ENST00000492199,ENST00000492199
FUCA2,,ENST00000451668
G3BP2,ENST00000515457,ENST00000515457
GABARAP,ENST00000573928,ENST00000573928
GADD45GIP1,ENST00000316939,ENST00000316939
GAL,ENST00000265643,ENST00000265643
GAMT,ENST00000252288,ENST00000252288
GANAB,ENST00000534779,ENST00000534779
GAPDH,ENST00000229239,ENST00000229239
GART,"ENST00000460305
ENST00000381831","ENST00000460305
ENST00000381831"
GAS5,ENST00000414075,ENST00000454068
GCHFR,ENST00000260447,
GEMIN7,ENST00000270257,ENST00000270257
GGCT,ENST00000409436,ENST00000409436
GGH,ENST00000518466,ENST00000518466
GHITM,ENST00000372134,ENST00000372134
GINS2,ENST00000253462,ENST00000253462
GLA,ENST00000218516,ENST00000218516
GLO1,ENST00000373365,ENST00000373365
GLRX3,ENST00000331244,ENST00000331244
GLUD1,,ENST00000487058
GNAS,"ENST00000490374
ENST00000349036","ENST00000490374
ENST00000349036"
GNB1,ENST00000378609,
GNG5,ENST00000370641,ENST00000370641
GPAM,,ENST00000348367
GPX1,ENST00000419783,ENST00000419783
GPX4,ENST00000614791,ENST00000614791
GRHPR,ENST00000318158,ENST00000318158
GSPT1,ENST00000420576,ENST00000420576
GSTP1,ENST00000398606,ENST00000398606
GTF2A2,"ENST00000267869
ENST00000396063","ENST00000267869
ENST00000396063"
GTF3C3,ENST00000416690,ENST00000416690
GTF3C6,ENST00000329970,ENST00000329970
GUK1,"ENST00000485838
ENST00000391865",
H2AFV,ENST00000446531,ENST00000446531
H2AFZ,ENST00000296417,ENST00000296417
HACD3,ENST00000562901,
HAT1,ENST00000460481,ENST00000460481
HAUS1,ENST00000282058,ENST00000282058
HDAC1,ENST00000490081,ENST00000490081
HDAC2,ENST00000523628,
HDDC2,ENST00000608456,ENST00000608456
HEATR1,ENST00000490339,ENST00000490339
HEY1,ENST00000354724,ENST00000354724
HIGD2A,ENST00000274787,ENST00000274787
HIKESHI,ENST00000532270,
HINT1,ENST00000304043,ENST00000304043
HLA-B,ENST00000640094,ENST00000640094
HM13,ENST00000479096,
HMGA2,ENST00000403681,ENST00000403681
HMGB1,ENST00000490788,ENST00000490788
HMGB2,ENST00000446922,ENST00000446922
HMGN3,ENST00000344726,ENST00000344726
HMGN4,ENST00000377575,ENST00000377575
HMGN5,ENST00000358130,ENST00000358130
HNRNPA0,ENST00000314940,ENST00000314940
HNRNPA1,ENST00000550482,ENST00000550482
HNRNPA2B1,ENST00000356674,ENST00000356674
HNRNPH2,ENST00000316594,ENST00000316594
HNRNPK,ENST00000376281,ENST00000376281
HNRNPUL2,ENST00000301785,
HPRT1,ENST00000298556,ENST00000298556
HSBP1,ENST00000433866,ENST00000433866
HSP90AA1,ENST00000334701,ENST00000334701
HSP90AB1,ENST00000353801,ENST00000353801
HSP90AB2P,ENST00000602906,ENST00000602906
HSP90B1,ENST00000550595,ENST00000550595
HSPA14,ENST00000441647,ENST00000441647
HSPA1B,ENST00000375650,ENST00000375650
HSPA5,ENST00000324460,ENST00000324460
HSPA8,ENST00000534624,ENST00000534624
HSPA9,ENST00000501917,ENST00000501917
HSPB11,,ENST00000489675
HSPD1,ENST00000388968,ENST00000388968
HSPE1,ENST00000233893,ENST00000233893
HSPE1-MOB4,ENST00000604458,ENST00000604458
IARS,ENST00000474340,ENST00000474340
IARS2,ENST00000366922,ENST00000366922
ID2,ENST00000396290,ENST00000396290
ID4,ENST00000378700,ENST00000378700
IDH3B,ENST00000613370,ENST00000613370
IDH3G,ENST00000217901,
IFNGR1,ENST00000414770,
ILF2,ENST00000361891,ENST00000361891
ILF3,ENST00000593061,ENST00000593061
IMP3,ENST00000403490,ENST00000403490
IMPA1,ENST00000311489,ENST00000311489
IMPDH2,ENST00000326739,ENST00000326739
INSIG1,ENST00000342407,ENST00000342407
INTS14,ENST00000431261,
IPO5,ENST00000485433,ENST00000485433
IRF2BP2,ENST00000366609,ENST00000366609
IRS4,ENST00000372129,ENST00000372129
ISOC2,ENST00000438389,ENST00000438389
ITGAE,ENST00000572179,ENST00000572179
ITGB3BP,ENST00000492655,ENST00000492655
ITM2B,ENST00000378565,ENST00000378565
ITPA,ENST00000380113,ENST00000380113
JTB,ENST00000461365,ENST00000461365
JUND,ENST00000252818,ENST00000252818
KARS,ENST00000570215,ENST00000570215
KCTD3,ENST00000448333,ENST00000448333
KCTD5,,ENST00000301738
KHSRP,ENST00000594496,ENST00000594496
KIF2C,ENST00000372224,ENST00000372224
KPNA2,ENST00000582898,ENST00000582898
KRT10,,ENST00000635956
LACTB2,ENST00000276590,ENST00000276590
LAGE3,ENST00000357360,ENST00000357360
LAPTM4A,ENST00000175091,ENST00000175091
LBHD1,ENST00000532208,
LDHA,ENST00000625635,ENST00000625635
LDHB,ENST00000350669,ENST00000350669
LMAN1,,ENST00000587940
LMAN2,"ENST00000506310
ENST00000513877","ENST00000506310
ENST00000513877"
LMNB2,ENST00000475819,ENST00000475819
LMO4,ENST00000370542,ENST00000370542
LRR1,ENST00000318317,ENST00000318317
LRRC14,ENST00000292524,
LSM2,ENST00000475835,ENST00000475835
LSM3,ENST00000306024,ENST00000306024
LSM4,ENST00000252816,ENST00000252816
LSM5,ENST00000409909,ENST00000409909
LSM6,ENST00000502781,ENST00000502781
LSM8,ENST00000249299,ENST00000249299
LUC7L2,ENST00000541170,ENST00000541170
LUC7L3,ENST00000625349,ENST00000625349
LUZP6,ENST00000589735,ENST00000589735
LYPLA1,ENST00000618741,ENST00000618741
MAD2L1,ENST00000296509,ENST00000296509
MAD2L1BP,ENST00000508232,ENST00000508232
MAGED1,ENST00000326587,ENST00000326587
MAGOH,ENST00000371470,ENST00000371470
MAIP1,ENST00000295079,ENST00000295079
MAPK1IP1L,ENST00000553976,ENST00000553976
MAPRE1,,ENST00000375571
MARCKSL1,ENST00000329421,ENST00000329421
MAT2A,ENST00000490878,ENST00000490878
MAZ,ENST00000563402,ENST00000563402
MCM2,ENST00000472731,
MCM3,ENST00000421471,ENST00000421471
MCM6,ENST00000264156,ENST00000264156
MCTS1,ENST00000371317,ENST00000371317
MDH1,ENST00000409476,ENST00000409476
MDH2,ENST00000443006,ENST00000443006
ME1,ENST00000369705,
MEA1,ENST00000244711,ENST00000244711
MED11,ENST00000293777,ENST00000293777
MED4,ENST00000378586,ENST00000378586
MESD,ENST00000261758,ENST00000261758
METAP2,ENST00000549808,ENST00000549808
MGST3,ENST00000460632,ENST00000460632
MIF,ENST00000215754,ENST00000215754
MINOS1,ENST00000322753,ENST00000322753
MIR1181,ENST00000408639,ENST00000408639
MIR222HG,ENST00000602461,ENST00000602461
MIR3652,ENST00000579335,ENST00000579335
MIR3940,ENST00000579148,ENST00000579148
MIR4444-1,ENST00000581696,
MIR4444-2,ENST00000584390,
MIR4700,ENST00000578311,ENST00000578311
MIR4721,ENST00000577590,ENST00000577590
MIR632,ENST00000385193,ENST00000385193
MIR7705,ENST00000614758,ENST00000614758
MLF2,ENST00000537126,ENST00000537126
MMADHC,ENST00000460311,ENST00000460311
MORF4L2,ENST00000423833,ENST00000423833
MPC2,ENST00000367846,ENST00000367846
MPG,ENST00000475280,ENST00000475280
MPHOSPH6,ENST00000258169,ENST00000258169
MPLKIP,ENST00000306984,
MRFAP1,ENST00000382581,ENST00000382581
MRPL1,ENST00000515625,ENST00000515625
MRPL12,ENST00000333676,ENST00000333676
MRPL13,ENST00000306185,ENST00000306185
MRPL14,ENST00000372014,ENST00000372014
MRPL15,ENST00000260102,ENST00000260102
MRPL16,ENST00000300151,ENST00000300151
MRPL17,ENST00000288937,ENST00000288937
MRPL20,ENST00000493287,ENST00000493287
MRPL22,,ENST00000523037
MRPL23,ENST00000397298,ENST00000397298
MRPL3,ENST00000264995,ENST00000264995
MRPL32,ENST00000496564,ENST00000496564
MRPL33,ENST00000296102,ENST00000296102
MRPL35,ENST00000337109,ENST00000337109
MRPL37,ENST00000360840,ENST00000360840
MRPL38,ENST00000309352,ENST00000309352
MRPL4,ENST00000592514,ENST00000592514
MRPL40,ENST00000333130,ENST00000333130
MRPL41,ENST00000371443,ENST00000371443
MRPL50,ENST00000374865,ENST00000374865
MRPL51,ENST00000537701,ENST00000537701
MRPL52,,ENST00000355151
MRPL54,ENST00000330133,ENST00000330133
MRPL55,ENST00000336300,
MRPL9,ENST00000468006,ENST00000468006
MRPS11,ENST00000325844,ENST00000325844
MRPS14,ENST00000476371,ENST00000476371
MRPS15,ENST00000373116,ENST00000373116
MRPS17,ENST00000285298,ENST00000285298
MRPS21,ENST00000581066,ENST00000581066
MRPS23,ENST00000313608,ENST00000313608
MRPS25,,ENST00000253686
MRPS26,ENST00000380325,ENST00000380325
MRPS28,,ENST00000521434
MRPS33,ENST00000484502,
MRPS34,ENST00000177742,ENST00000177742
MRPS36,ENST00000256441,ENST00000256441
MT-ATP6,ENST00000361899,ENST00000361899
MT-ATP8,ENST00000361851,ENST00000361851
MT-CO1,ENST00000361624,ENST00000361624
MT-CO2,ENST00000361739,ENST00000361739
MT-CO3,ENST00000362079,ENST00000362079
MT-CYB,ENST00000361789,ENST00000361789
MT-ND1,ENST00000361390,ENST00000361390
MT-ND2,ENST00000361453,ENST00000361453
MT-ND3,ENST00000361227,ENST00000361227
MT-ND4,ENST00000361381,ENST00000361381
MT-ND5,ENST00000361567,ENST00000361567
MT-ND6,ENST00000361681,ENST00000361681
MT-RNR1,ENST00000389680,ENST00000389680
MT-RNR2,ENST00000387347,ENST00000387347
MT-TD,ENST00000387419,ENST00000387419
MT-TE,,ENST00000387459
MT-TF,ENST00000387314,ENST00000387314
MT-TG,ENST00000387429,ENST00000387429
MT-TH,ENST00000387441,ENST00000387441
MT-TI,ENST00000387365,ENST00000387365
MT-TL2,ENST00000387456,ENST00000387456
MT-TM,ENST00000387377,ENST00000387377
MT-TN,ENST00000387400,ENST00000387400
MT-TP,ENST00000387461,ENST00000387461
MT-TR,ENST00000387439,ENST00000387439
MT-TV,ENST00000387342,ENST00000387342
MTCH1,ENST00000460219,ENST00000460219
MTHFD1,ENST00000554057,ENST00000554057
MTHFD2,ENST00000462026,ENST00000462026
MTHFS,ENST00000559722,ENST00000559722
MTX2,ENST00000249442,ENST00000249442
MXRA7,ENST00000592148,ENST00000592148
MYC,ENST00000621592,ENST00000621592
MYDGF,ENST00000599761,ENST00000599761
MYL12A,ENST00000217652,ENST00000217652
MZT1,ENST00000377818,ENST00000377818
MZT2A,ENST00000410036,ENST00000410036
MZT2B,ENST00000455239,ENST00000455239
NAA38,ENST00000575771,ENST00000575771
NABP2,ENST00000267023,ENST00000267023
NACA,ENST00000356769,ENST00000356769
NAE1,ENST00000566336,ENST00000566336
NARS2,ENST00000281038,
NCAPD3,ENST00000534548,
NCAPH,ENST00000455200,
NCL,ENST00000322723,ENST00000322723
NDUFA1,ENST00000371437,ENST00000371437
NDUFA11,ENST00000591160,ENST00000591160
NDUFA12,ENST00000327772,ENST00000327772
NDUFA13,ENST00000507754,ENST00000507754
NDUFA2,ENST00000510680,ENST00000510680
NDUFA4,ENST00000339600,ENST00000339600
NDUFA6,ENST00000617763,ENST00000617763
NDUFA7,ENST00000301457,ENST00000301457
NDUFA8,ENST00000373768,ENST00000373768
NDUFA9,ENST00000540688,ENST00000540688
NDUFAB1,ENST00000007516,ENST00000007516
NDUFAF4,ENST00000316149,ENST00000316149
NDUFAF8,ENST00000431388,ENST00000431388
NDUFB1,ENST00000605997,ENST00000605997
NDUFB10,ENST00000268668,ENST00000268668
NDUFB11,ENST00000276062,ENST00000276062
NDUFB2,ENST00000461457,ENST00000461457
NDUFB3,,ENST00000433898
NDUFB4,ENST00000184266,ENST00000184266
NDUFB6,ENST00000379847,ENST00000379847
NDUFB7,ENST00000215565,ENST00000215565
NDUFB9,ENST00000276689,ENST00000276689
NDUFS2,ENST00000483804,ENST00000367993
NDUFS3,ENST00000527178,ENST00000527178
NDUFS5,ENST00000372969,ENST00000372969
NDUFS6,ENST00000274137,ENST00000274137
NDUFV2,ENST00000497577,ENST00000497577
NDUFV3,ENST00000460740,ENST00000460740
NENF,ENST00000366988,ENST00000366988
NHP2,ENST00000274606,ENST00000274606
NIPSNAP1,ENST00000415100,ENST00000415100
NIPSNAP2,ENST00000446692,ENST00000446692
NLRP2,ENST00000397169,ENST00000397169
NME1,ENST00000393196,ENST00000393196
NME1-NME2,ENST00000393193,ENST00000393193
NME2,ENST00000503064,ENST00000503064
NME4,ENST00000450036,
NOC4L,ENST00000330579,ENST00000330579
NOL11,ENST00000581966,ENST00000581966
NOL7,ENST00000451315,ENST00000451315
NOLC1,ENST00000461421,ENST00000461421
NONO,ENST00000418921,"ENST00000473525
ENST00000418921"
NOP10,ENST00000328848,ENST00000328848
NOP16,ENST00000614830,ENST00000614830
NOP56,ENST00000470143,ENST00000470143
NOP58,ENST00000478508,ENST00000478508
NPC2,ENST00000556009,
NPLOC4,ENST00000331134,ENST00000331134
NPM1,ENST00000296930,ENST00000296930
NPTN,ENST00000351217,
NR2F1,ENST00000327111,
NRN1,ENST00000244766,
NSMCE4A,ENST00000459911,ENST00000459911
NT5DC2,ENST00000471522,ENST00000471522
NUCKS1,ENST00000367142,ENST00000367142
NUDCD2,ENST00000302764,ENST00000302764
NUDT1,ENST00000356714,ENST00000356714
NUDT5,ENST00000444732,ENST00000444732
NUP107,,ENST00000229179
NUP133,ENST00000490352,ENST00000490352
NUP62,ENST00000422090,
OAT,ENST00000471127,ENST00000471127
OAZ1,ENST00000602676,ENST00000602676
ODC1,ENST00000234111,ENST00000234111
OGT,ENST00000498566,ENST00000498566
OST4,ENST00000456793,ENST00000456793
OSTC,ENST00000361564,ENST00000361564
PA2G4,ENST00000303305,ENST00000303305
PABPC1,ENST00000521865,ENST00000521865
PAFAH1B1,ENST00000572915,ENST00000572915
PAICS,ENST00000505164,ENST00000505164
PAIP2,ENST00000510080,ENST00000510080
PAK1IP1,ENST00000379568,ENST00000379568
PAM16,ENST00000318059,
PAPOLA,ENST00000216277,ENST00000216277
PARP1,ENST00000366794,ENST00000366794
PBK,ENST00000301905,ENST00000301905
PCLAF,ENST00000300035,ENST00000300035
PCMT1,ENST00000480010,ENST00000480010
PCNA,ENST00000379143,ENST00000379143
PDCD10,ENST00000497056,ENST00000497056
PDCD2L,ENST00000246535,ENST00000246535
PDCD5,ENST00000590247,ENST00000590247
PDE6D,ENST00000409772,ENST00000409772
PDSS1,ENST00000470978,ENST00000470978
PEBP1,ENST00000261313,ENST00000261313
PEF1,ENST00000472443,ENST00000472443
PES1,ENST00000354694,ENST00000354694
PET100,ENST00000594797,
PET117,ENST00000432901,ENST00000432901
PFDN2,ENST00000368010,ENST00000368010
PFDN4,ENST00000371419,ENST00000371419
PFDN5,ENST00000551018,ENST00000551018
PFN1,ENST00000225655,ENST00000225655
PFN2,ENST00000423691,ENST00000423691
PGAM1,ENST00000473929,ENST00000473929
PGAM5,,ENST00000543955
PGK1,ENST00000373316,ENST00000373316
PGP,ENST00000333503,ENST00000333503
PGRMC1,ENST00000217971,ENST00000217971
PHF5A,ENST00000216252,ENST00000216252
PHGDH,ENST00000369409,ENST00000369409
PHPT1,ENST00000463215,ENST00000463215
PIGF,ENST00000281382,
PIGH,ENST00000558987,ENST00000558987
PIGK,ENST00000445065,ENST00000445065
PIGY,ENST00000527353,ENST00000527353
PIN4,ENST00000373669,
PITHD1,,ENST00000374524
PKN2,ENST00000370521,ENST00000370521
PLGRKT,ENST00000223864,ENST00000223864
PLRG1,ENST00000503251,ENST00000503251
PLS3,ENST00000355899,ENST00000355899
PMF1-BGLAP,ENST00000490491,ENST00000490491
PNKD,ENST00000273077,
PNPO,ENST00000225573,
POLE3,ENST00000475080,ENST00000475080
POLR1C,ENST00000372344,ENST00000372344
POLR1D,ENST00000302979,ENST00000302979
POLR2B,ENST00000381227,ENST00000381227
POLR2K,ENST00000353107,ENST00000353107
POLR2L,ENST00000322028,ENST00000322028
POLR3K,ENST00000293860,ENST00000293860
POMP,ENST00000380842,ENST00000380842
POP4,ENST00000221770,ENST00000221770
POP7,ENST00000303151,ENST00000303151
PP7080,,ENST00000342584
PPA1,ENST00000373232,ENST00000373232
PPA2,"ENST00000503171
ENST00000502596","ENST00000503171
ENST00000502596"
PPAT,ENST00000507648,
PPIA,ENST00000451562,ENST00000451562
PPIB,ENST00000300026,ENST00000300026
PPIC,ENST00000306442,ENST00000306442
PPIF,ENST00000225174,ENST00000225174
PPIH,,ENST00000372549
PPP1R14B,ENST00000309318,ENST00000309318
PPP1R8,ENST00000431586,ENST00000431586
PPP2R1A,ENST00000477989,ENST00000477989
PPP4R2,ENST00000488810,ENST00000488810
PPP5C,ENST00000012443,
PRAF2,ENST00000553851,
PRDX1,ENST00000319248,ENST00000319248
PRDX2,ENST00000301522,ENST00000301522
PRDX3,ENST00000298510,ENST00000298510
PRDX4,ENST00000379341,ENST00000379341
PRDX5,ENST00000265462,ENST00000265462
PRDX6,ENST00000340385,ENST00000340385
PRELID1,ENST00000303204,ENST00000303204
PRELID3B,ENST00000355937,ENST00000355937
PRIM1,ENST00000338193,ENST00000338193
PRKDC,ENST00000536429,ENST00000536429
PRMT1,"ENST00000530070
ENST00000528623","ENST00000530070
ENST00000528623"
PRPF19,ENST00000540473,ENST00000540473
PRPF40A,ENST00000410080,ENST00000410080
PRPF6,ENST00000266079,ENST00000266079
PRPS1,ENST00000372435,ENST00000372435
PRPS2,ENST00000380668,ENST00000380668
PSAT1,ENST00000376588,ENST00000376588
PSMA1,ENST00000396394,ENST00000396394
PSMA2,ENST00000223321,ENST00000223321
PSMA3,ENST00000553677,ENST00000553677
PSMA4,ENST00000044462,ENST00000044462
PSMA5,ENST00000271308,ENST00000271308
PSMA7,ENST00000370873,ENST00000370873
PSMB1,ENST00000262193,ENST00000262193
PSMB2,ENST00000630477,ENST00000630477
PSMB3,ENST00000619426,ENST00000619426
PSMB4,ENST00000290541,ENST00000290541
PSMB5,ENST00000361611,ENST00000361611
PSMB6,ENST00000270586,ENST00000270586
PSMB7,ENST00000259457,ENST00000259457
PSMC1,ENST00000261303,ENST00000261303
PSMC3,ENST00000602866,ENST00000602866
PSMC6,,ENST00000556813
PSMD14,ENST00000409682,ENST00000409682
PSPC1,ENST00000619300,ENST00000619300
PTBP1,ENST00000586481,ENST00000586481
PTMA,ENST00000341369,ENST00000341369
PTOV1,ENST00000391842,
PYCR2,ENST00000612651,ENST00000612651
PYURF,ENST00000273968,ENST00000273968
QRICH1,ENST00000395443,
RAB2A,ENST00000262646,ENST00000262646
RAB7A,ENST00000464496,ENST00000464496
RABAC1,,ENST00000601028
RABGGTB,ENST00000459697,ENST00000459697
RACK1,ENST00000512805,ENST00000512805
RAD21,ENST00000517749,ENST00000517749
RAD23A,ENST00000316856,
RAD51C,ENST00000421782,ENST00000421782
RAN,ENST00000541630,ENST00000541630
RANBP1,ENST00000421656,
RARS2,ENST00000493269,ENST00000493269
RBBP4,ENST00000463378,ENST00000463378
RBBP7,ENST00000380087,ENST00000380087
RBM14,,ENST00000409738
RBM15B,ENST00000563281,ENST00000563281
RBM17,ENST00000379888,
RBM8A,ENST00000632555,ENST00000632555
RBMX2,ENST00000305536,ENST00000305536
RBMXL1,ENST00000321792,
RBX1,ENST00000216225,ENST00000216225
RCC1,ENST00000427469,ENST00000427469
RCN1,ENST00000530348,ENST00000530348
RCN2,ENST00000394885,ENST00000394885
RDH14,ENST00000468071,ENST00000468071
RER1,ENST00000378518,
RHOA,ENST00000418115,ENST00000418115
RMRP,ENST00000602361,ENST00000602361
RNF138,ENST00000580499,ENST00000580499
RNF2,ENST00000367510,ENST00000367510
RNF5,ENST00000375094,ENST00000375094
RNF7,,ENST00000480908
RNU11,ENST00000387069,ENST00000387069
RNU4ATAC,,ENST00000580972
ROMO1,ENST00000374077,ENST00000374077
RPA3,ENST00000223129,ENST00000223129
RPAP3,,ENST00000005386
RPF1,ENST00000370654,ENST00000370654
RPL10,ENST00000424325,ENST00000424325
RPL10A,"ENST00000467020
ENST00000322203","ENST00000467020
ENST00000322203"
RPL11,ENST00000374550,ENST00000374550
RPL12,ENST00000361436,ENST00000361436
RPL13,ENST00000467736,ENST00000467736
RPL13A,ENST00000391857,ENST00000391857
RPL14,ENST00000338970,ENST00000338970
RPL15,ENST00000413699,ENST00000413699
RPL18,ENST00000549920,ENST00000549920
RPL18A,ENST00000222247,ENST00000222247
RPL19,ENST00000225430,ENST00000225430
RPL21,ENST00000311549,ENST00000311549
RPL22,ENST00000234875,
RPL22L1,ENST00000295830,ENST00000295830
RPL23,ENST00000245857,ENST00000245857
RPL23A,ENST00000422514,ENST00000422514
RPL24,ENST00000394077,ENST00000394077
RPL26,ENST00000293842,ENST00000293842
RPL26L1,ENST00000519522,ENST00000519522
RPL27,ENST00000589913,ENST00000589913
RPL27A,ENST00000532359,ENST00000532359
RPL28,ENST00000344063,ENST00000344063
RPL29,ENST00000294189,ENST00000294189
RPL3,ENST00000216146,ENST00000216146
RPL30,ENST00000521291,ENST00000521291
RPL31,ENST00000409650,ENST00000409650
RPL32,ENST00000429711,ENST00000429711
RPL34,ENST00000394668,ENST00000394668
RPL35,ENST00000348462,ENST00000348462
RPL35A,ENST00000448864,ENST00000448864
RPL36,ENST00000347512,ENST00000347512
RPL36A,ENST00000427805,ENST00000427805
RPL36A-HNRNPH2,ENST00000409170,ENST00000409170
RPL36AL,ENST00000298289,ENST00000298289
RPL37,ENST00000274242,ENST00000274242
RPL37A,ENST00000456586,ENST00000456586
RPL38,ENST00000311111,ENST00000311111
RPL39,ENST00000361575,ENST00000361575
RPL4,ENST00000568588,ENST00000568588
RPL41,ENST00000552314,ENST00000552314
RPL5,ENST00000370321,ENST00000370321
RPL6,ENST00000424576,ENST00000424576
RPL7,ENST00000352983,ENST00000352983
RPL7A,ENST00000323345,ENST00000323345
RPL8,ENST00000394920,ENST00000394920
RPL9,ENST00000295955,ENST00000295955
RPLP0,ENST00000228306,ENST00000228306
RPLP1,ENST00000260379,ENST00000260379
RPLP2,ENST00000321153,ENST00000321153
RPN1,ENST00000497289,ENST00000497289
RPN2,ENST00000437329,ENST00000437329
RPRD1A,ENST00000399022,ENST00000399022
RPS10,ENST00000326199,ENST00000326199
RPS10-NUDT3,ENST00000639725,ENST00000639725
RPS11,ENST00000270625,ENST00000270625
RPS12,ENST00000230050,ENST00000230050
RPS13,ENST00000525634,ENST00000525634
RPS14,ENST00000407193,ENST00000407193
RPS15,ENST00000233609,ENST00000233609
RPS15A,ENST00000322989,ENST00000322989
RPS16,ENST00000251453,ENST00000251453
RPS17,ENST00000330244,ENST00000330244
RPS18,ENST00000439602,ENST00000439602
RPS19,ENST00000221975,ENST00000221975
RPS2,ENST00000343262,ENST00000343262
RPS20,ENST00000009589,ENST00000009589
RPS21,ENST00000343986,ENST00000343986
RPS23,ENST00000296674,ENST00000296674
RPS24,ENST00000435275,ENST00000435275
RPS25,ENST00000527673,ENST00000527673
RPS27,ENST00000368567,ENST00000368567
RPS27A,ENST00000404735,ENST00000404735
RPS27L,ENST00000462430,ENST00000635699
RPS29,ENST00000245458,ENST00000245458
RPS3,ENST00000531188,ENST00000531188
RPS3A,ENST00000274065,ENST00000274065
RPS4X,ENST00000316084,ENST00000316084
RPS5,ENST00000601521,ENST00000601521
RPS6,ENST00000380394,ENST00000380394
RPS7,ENST00000304921,ENST00000304921
RPS8,ENST00000396651,ENST00000396651
RPS9,ENST00000302907,ENST00000302907
RRN3,ENST00000429751,ENST00000429751
RRP7A,ENST00000323013,ENST00000323013
RSL1D1,ENST00000573791,ENST00000573791
RSL24D1,ENST00000260443,ENST00000260443
RTCA,ENST00000370128,ENST00000370128
RTCB,ENST00000485373,ENST00000485373
RTFDC1,ENST00000357348,ENST00000357348
RUVBL1,ENST00000322623,ENST00000322623
S100A13,ENST00000440685,
SAR1A,ENST00000373241,ENST00000373241
SARS,ENST00000471705,ENST00000471705
SCD,ENST00000370355,ENST00000370355
SCO2,ENST00000395693,ENST00000395693
SDC2,ENST00000522911,ENST00000522911
SEC61B,ENST00000223641,ENST00000223641
SEC61G,ENST00000415949,ENST00000415949
SELENOF,ENST00000331835,ENST00000331835
SELENOK,ENST00000495461,ENST00000495461
SELENOS,ENST00000526049,ENST00000526049
SEM1,,ENST00000476463
SEPHS2,ENST00000478753,ENST00000478753
SEPT2,ENST00000421717,
SEPT7,ENST00000350320,ENST00000350320
SERBP1,ENST00000370995,ENST00000370995
SERF1A,ENST00000507348,ENST00000317633
SERF2,ENST00000249786,ENST00000249786
SERP1,,ENST00000487153
SET,ENST00000322030,ENST00000322030
SF3A3,ENST00000462258,ENST00000462258
SF3B1,ENST00000424674,ENST00000424674
SF3B5,ENST00000367569,ENST00000367569
SF3B6,ENST00000233468,ENST00000233468
SFPQ,ENST00000357214,ENST00000357214
SFT2D1,ENST00000494682,ENST00000494682
SKA2,,ENST00000580541
SKP2,ENST00000274254,ENST00000274254
SLC16A1,ENST00000478835,ENST00000478835
SLC25A3,ENST00000551265,ENST00000551265
SLC25A36,ENST00000446041,ENST00000446041
SLC25A39,ENST00000585523,ENST00000585523
SLC25A4,,ENST00000281456
SLC25A5,ENST00000317881,ENST00000317881
SLC38A2,"ENST00000547252
ENST00000612232","ENST00000547252
ENST00000612232"
SLC6A15,ENST00000309283,ENST00000309283
SLC7A5,ENST00000565644,ENST00000565644
SLIRP,ENST00000613856,ENST00000613856
SMARCE1,ENST00000478349,ENST00000478349
SMC4,ENST00000462787,ENST00000462787
SMIM15,ENST00000339020,ENST00000339020
SMIM26,ENST00000411646,ENST00000411646
SMIM30,ENST00000397764,ENST00000397764
SMIM4,,ENST00000477703
SMNDC1,ENST00000369592,ENST00000369592
SNAP29,ENST00000215730,
SND1,ENST00000486037,ENST00000486037
SNHG16,ENST00000591956,
SNHG19,ENST00000563192,ENST00000563192
SNHG25,ENST00000580828,ENST00000580828
SNHG5,ENST00000414002,ENST00000414002
SNHG6,ENST00000520944,ENST00000520944
SNHG7,ENST00000416970,ENST00000416970
SNHG8,ENST00000602520,ENST00000602520
SNHG9,ENST00000531523,ENST00000531523
SNORA10,ENST00000384084,ENST00000384084
SNORA67,ENST00000384423,ENST00000384423
SNORD110,ENST00000408189,
SNORD12,,ENST00000391002
SNORD12B,ENST00000410433,ENST00000410433
SNORD16,ENST00000362803,ENST00000362803
SNORD17,ENST00000390930,ENST00000390930
SNORD1C,ENST00000363315,ENST00000363315
SNORD21,ENST00000383953,ENST00000383953
SNORD22,ENST00000384756,ENST00000384756
SNORD26,ENST00000384147,
SNORD36A,ENST00000362874,
SNORD46,ENST00000364043,
SNORD52,ENST00000364884,
SNORD56,ENST00000413522,ENST00000413522
SNORD73A,ENST00000386062,
SNORD86,ENST00000391196,
SNORD96A,,ENST00000606577
SNORD99,ENST00000408612,ENST00000408612
SNRNP40,ENST00000474025,ENST00000474025
SNRPB,ENST00000381342,ENST00000381342
SNRPB2,ENST00000246071,ENST00000246071
SNRPC,ENST00000244520,ENST00000244520
SNRPD1,ENST00000300413,ENST00000300413
SNRPD2,ENST00000588301,ENST00000588301
SNRPD3,ENST00000215829,ENST00000215829
SNRPE,ENST00000414487,ENST00000414487
SNRPF,ENST00000266735,ENST00000266735
SNRPG,ENST00000272348,ENST00000272348
SNU13,ENST00000402458,ENST00000402458
SNX4,ENST00000251775,ENST00000251775
SOD1,ENST00000270142,ENST00000270142
SPAG7,ENST00000571023,
SPC25,ENST00000479309,ENST00000479309
SPCS1,ENST00000423431,ENST00000423431
SPCS2,ENST00000263672,ENST00000263672
SPDL1,ENST00000505977,ENST00000505977
SPG21,ENST00000204566,
SPTLC1,ENST00000482632,ENST00000482632
SPTSSA,ENST00000298130,ENST00000298130
SRD5A3,ENST00000514398,ENST00000514398
SRI,ENST00000490437,ENST00000490437
SRM,ENST00000487300,ENST00000487300
SRP14,ENST00000559081,ENST00000559081
SRP19,ENST00000282999,ENST00000282999
SRP9,ENST00000626563,ENST00000626563
SRPRB,ENST00000484684,ENST00000484684
SRRM2,ENST00000576674,ENST00000576674
SRSF11,ENST00000461935,ENST00000461935
SRSF3,ENST00000373715,ENST00000373715
SRSF5,,ENST00000553548
SRSF6,ENST00000244020,ENST00000244020
SRSF7,ENST00000409276,ENST00000409276
SRSF9,ENST00000229390,ENST00000229390
SSB,ENST00000260956,ENST00000260956
SSBP1,ENST00000265304,ENST00000265304
SSR1,,ENST00000479485
SSR2,ENST00000531917,ENST00000531917
SSR4,ENST00000370086,ENST00000370086
SSSCA1,ENST00000309328,ENST00000309328
ST20-MTHFS,ENST00000615374,ENST00000615374
STAG2,ENST00000371160,ENST00000371160
STARD3NL,ENST00000396013,ENST00000396013
STMN1,ENST00000446334,ENST00000446334
STOML2,ENST00000356493,ENST00000356493
STT3B,,ENST00000423527
SUB1,ENST00000506237,ENST00000506237
SUCLG1,ENST00000488234,ENST00000488234
SUMO1,ENST00000469034,ENST00000469034
SUMO2,ENST00000420826,ENST00000420826
SUPT4H1,ENST00000580947,ENST00000580947
SURF2,ENST00000495524,ENST00000495524
SYNJ2BP-COX16,ENST00000555276,ENST00000555276
SYPL1,ENST00000464029,ENST00000464029
TAF15,ENST00000604694,
TAF9B,ENST00000341864,ENST00000341864
TARBP1,ENST00000483404,ENST00000483404
TARDBP,"ENST00000611008
ENST00000610369",ENST00000240185
TBCA,ENST00000522370,ENST00000522370
TCEAL8,ENST00000372685,ENST00000372685
TCEAL9,ENST00000372661,ENST00000372661
TCERG1,,ENST00000296702
TGDS,ENST00000498294,ENST00000498294
THOC3,ENST00000514861,ENST00000514861
TIMM10,ENST00000257245,ENST00000257245
TIMM10B,ENST00000254616,
TIMM13,ENST00000215570,ENST00000215570
TIMM17A,ENST00000367287,ENST00000367287
TIMM23,ENST00000580018,ENST00000580018
TIMM8B,ENST00000504148,ENST00000504148
TMA7,ENST00000438607,ENST00000438607
TMED2,ENST00000262225,ENST00000262225
TMED3,ENST00000558562,ENST00000558562
TMED7,ENST00000456936,ENST00000456936
TMED9,,ENST00000507578
TMEM106C,,ENST00000547682
TMEM14A,ENST00000211314,ENST00000211314
TMEM14B,ENST00000473276,ENST00000473276
TMEM14C,ENST00000541412,ENST00000541412
TMEM160,ENST00000253047,ENST00000253047
TMEM165,,ENST00000514904
TMEM223,ENST00000525631,ENST00000525631
TMEM230,ENST00000612323,
TMEM256,ENST00000302422,ENST00000302422
TMEM258,ENST00000537328,ENST00000537328
TMEM59,ENST00000470395,ENST00000470395
TMEM70,ENST00000520167,ENST00000520167
TMEM9,ENST00000367334,ENST00000367334
TMEM97,ENST00000582113,ENST00000582113
TMEM99,ENST00000301665,
TMPO,ENST00000556678,ENST00000556678
TMSB10,ENST00000233143,ENST00000233143
TMSB15A,ENST00000289373,ENST00000289373
TMX1,ENST00000457354,ENST00000457354
TOMM20,ENST00000366607,ENST00000366607
TOMM22,ENST00000216034,ENST00000216034
TOMM5,ENST00000321301,ENST00000321301
TOMM6,ENST00000398884,ENST00000398884
TOMM7,ENST00000358435,ENST00000358435
TOP2A,ENST00000423485,ENST00000423485
TOR3A,ENST00000367627,ENST00000367627
TPI1,ENST00000613953,ENST00000613953
TPRKB,ENST00000485758,ENST00000485758
TPT1,ENST00000530705,ENST00000530705
TRA2A,ENST00000474586,ENST00000474586
TRA2B,ENST00000414862,ENST00000414862
TRAF4,ENST00000262395,ENST00000262395
TRAM1,ENST00000520700,ENST00000520700
TRIAP1,ENST00000546954,ENST00000546954
TRIP13,ENST00000513435,"ENST00000508430
ENST00000513435"
TRMT10C,ENST00000309922,ENST00000309922
TRMT112,ENST00000544844,ENST00000544844
TSFM,ENST00000548851,
TSG101,,ENST00000251968
TSPAN3,ENST00000558394,ENST00000558394
TUBA1B,ENST00000549870,ENST00000549870
TUBB,ENST00000327892,ENST00000327892
TUBB2A,,ENST00000333628
TUBE1,ENST00000368662,
TUSC1,ENST00000358022,ENST00000358022
TXN,ENST00000374517,ENST00000374517
TXNDC12,ENST00000471493,ENST00000471493
TXNDC17,ENST00000250101,ENST00000250101
TXNDC9,,ENST00000264255
UBA2,ENST00000588585,ENST00000588585
UBA52,ENST00000442744,ENST00000442744
UBAC1,ENST00000371756,ENST00000371756
UBAP2L,ENST00000613315,
UBB,ENST00000302182,ENST00000302182
UBC,ENST00000339647,ENST00000339647
UBE2B,ENST00000506787,ENST00000265339
UBE2E3,ENST00000410062,ENST00000410062
UBE2G1,ENST00000396981,
UBE2I,ENST00000325437,
UBE2T,ENST00000367274,ENST00000367274
UBL4A,ENST00000369653,ENST00000369653
UBL5,ENST00000358666,ENST00000358666
UBP1,ENST00000283629,
UBQLN4,ENST00000368309,
UCHL1,,ENST00000514924
UCHL5,ENST00000420791,ENST00000420791
UCK2,"ENST00000464197
ENST00000470820","ENST00000464197
ENST00000470820"
UFD1,ENST00000263202,ENST00000263202
UFM1,ENST00000437952,ENST00000437952
UQCC2,ENST00000607484,ENST00000607484
UQCR10,ENST00000401406,ENST00000401406
UQCR11,"ENST00000593264
ENST00000585671","ENST00000593264
ENST00000585671"
UQCRB,ENST00000287022,ENST00000287022
UQCRC1,ENST00000493806,ENST00000493806
UQCRC2,,ENST00000618892
UQCRFS1,ENST00000304863,ENST00000304863
UQCRH,ENST00000311672,ENST00000311672
UQCRQ,ENST00000378670,ENST00000378667
URB2,ENST00000258243,ENST00000258243
UROD,ENST00000636293,
UROS,ENST00000420761,ENST00000420761
USMG5,ENST00000309579,ENST00000309579
UTP14A,ENST00000425117,ENST00000425117
UTP18,ENST00000583725,ENST00000583725
UXT,ENST00000460840,ENST00000460840
VAPA,,ENST00000400000
VARS,ENST00000428445,ENST00000428445
VBP1,ENST00000286428,ENST00000286428
VKORC1,ENST00000394971,
VPS29,ENST00000360579,
VPS35,ENST00000568642,ENST00000568642
VRK1,ENST00000557352,"ENST00000555402
ENST00000557352"
WDR61,ENST00000560807,ENST00000560807
WDR77,ENST00000235090,ENST00000235090
WDR83OS,ENST00000596731,ENST00000596731
XIST,ENST00000429829,ENST00000429829
XPO1,ENST00000494468,ENST00000494468
XPO5,ENST00000265351,ENST00000265351
XRCC5,ENST00000392132,ENST00000392132
XRCC6,ENST00000360079,ENST00000360079
YAE1D1,ENST00000223273,ENST00000223273
YBX1,ENST00000321358,ENST00000321358
YBX3,ENST00000540975,ENST00000540975
YEATS4,ENST00000247843,ENST00000247843
YTHDF1,ENST00000370334,ENST00000370334
YWHAE,ENST00000264335,ENST00000264335
YWHAQ,ENST00000238081,ENST00000238081
YWHAZ,ENST00000522819,ENST00000522819
ZDHHC6,ENST00000369405,ENST00000369405
ZFAS1,ENST00000417721,ENST00000417721
ZIC2,ENST00000376335,ENST00000376335
ZMPSTE24,ENST00000472583,ENST00000472583
ZNF207,ENST00000580759,ENST00000580759
ZNF22,ENST00000298299,ENST00000298299
ZNF32,ENST00000374433,ENST00000374433
ZNF330,,ENST00000262990
ZNF622,,ENST00000308683
ZNF768,ENST00000562803,ENST00000562803
ZNHIT3,ENST00000617429,ENST00000617429
ZNHIT6,ENST00000431532,
ZRANB2,ENST00000487510,ENST00000487510
ZUFSP,"ENST00000471919
ENST00000368573","ENST00000471919
ENST00000368573"
snoU2_19,ENST00000364329,ENST00000364329
