gene_id,bulge_id,number,nuc_id,m,n,exp_name
sars2,B10175,"10180, 10181, 10195, 10196",GA x AG,2,2,virus_invitro
sars2,B10214,"10241, 10242",0 x AA,0,2,virus_invitro
sars2,B10447,"10452, 10453, 10454, 10455, 10456, 10484, 10485, 10486, 10487, 10488",AUUUC x UCAUG,5,5,virus_invitro
sars2,B10797,10842,0 x A,0,1,virus_invitro
sars2,B10804,"10809, 10810, 10811, 10812, 10830, 10831, 10832, 10833, 10834",CUCU x UUGCC,4,5,virus_invitro
sars2,B11261,"11266, 11267, 11268, 11269, 11270, 11303, 11304, 11305",GGAUA x AAA,5,3,virus_invitro
sars2,B11271,"11276, 11277, 11278, 11294, 11295, 11296, 11297",GAU x UUUA,3,4,virus_invitro
sars2,B11555,"11560, 11561, 11660",UU x U,2,1,virus_invitro
sars2,B11580,"11585, 11602, 11603, 11604",A x AAU,1,3,virus_invitro
sars2,B11624,"11629, 11630, 11631, 11632, 11633, 11645, 11646",UUUUU x UU,5,2,virus_invitro
sars2,B11881,"11886, 11902",C x C,1,1,virus_invitro
sars2,B1204,"1209, 1210, 1269, 1270",UG x AU,2,2,virus_invitro
sars2,B1211,"1216, 1217, 1218, 1219, 1220, 1262, 1263",UUCAA x AC,5,2,virus_invitro
sars2,B1218,"1223, 1259",C x C,1,1,virus_invitro
sars2,B12243,12248,G x 0,1,0,virus_invitro
sars2,B12251,"12256, 12269, 12270, 12271, 12272, 12273, 12274",G x GAAAAG,1,6,virus_invitro
sars2,B1228,"1233, 1234, 1235, 1247, 1248, 1249",GUG x GAA,3,3,virus_invitro
sars2,B12605,"12610, 12611, 12623",UA x C,2,1,virus_invitro
sars2,B12635,12640,U x 0,1,0,virus_invitro
sars2,B12640,"12645, 12646, 12655, 12656",UU x UU,2,2,virus_invitro
sars2,B12667,12672,C x 0,1,0,virus_invitro
sars2,B12930,"12935, 12936, 12959, 12960",AA x AA,2,2,virus_invitro
sars2,B12989,13011,0 x C,0,1,virus_invitro
sars2,B13076,"13081, 13096",U x U,1,1,virus_invitro
sars2,B13079,"13084, 13093",U x U,1,1,virus_invitro
sars2,B13205,"13210, 13211, 13212, 13226",UAU x U,3,1,virus_invitro
sars2,B13506,13526,0 x A,0,1,virus_invitro
sars2,B13509,13522,0 x A,0,1,virus_invitro
sars2,B13599,"13604, 13605, 13606, 13620, 13621, 13622, 13623",GCU x CGAA,3,4,virus_invitro
sars2,B13758,"13763, 13791",G x A,1,1,virus_invitro
sars2,B13763,"13768, 13786",A x C,1,1,virus_invitro
sars2,B13820,"13825, 13840, 13841, 13842",U x UUU,1,3,virus_invitro
sars2,B14089,"14094, 14095, 14103, 14104",UU x UU,2,2,virus_invitro
sars2,B14265,"14270, 14290, 14291",A x GA,1,2,virus_invitro
sars2,B14382,"14387, 14388",UA x 0,2,0,virus_invitro
sars2,B14389,14394,U x 0,1,0,virus_invitro
sars2,B14392,14427,0 x A,0,1,virus_invitro
sars2,B14396,"14401, 14422",U x C,1,1,virus_invitro
sars2,B14400,"14405, 14416, 14417, 14418",C x UUU,1,3,virus_invitro
sars2,B14443,"14481, 14482",0 x CU,0,2,virus_invitro
sars2,B14448,14453,U x 0,1,0,virus_invitro
sars2,B14453,"14458, 14471",U x C,1,1,virus_invitro
sars2,B14557,14562,U x 0,1,0,virus_invitro
sars2,B14566,"14571, 14572, 14573, 14574, 14575, 14576, 14577, 14578, 14579, 14626, 14627, 14628",CCCUGCUAU x UUU,9,3,virus_invitro
sars2,B14580,"14585, 14618, 14619, 14620",C x CUA,1,3,virus_invitro
sars2,B14584,"14589, 14610, 14611, 14612, 14613, 14614",U x UAAAC,1,5,virus_invitro
sars2,B14732,"14751, 14752, 14753, 14754, 14755, 14756, 14757",0 x AAAACAC,0,7,virus_invitro
sars2,B15096,"15101, 15102, 15103",CUC x 0,3,0,virus_invitro
sars2,B152,"285, 286, 287",0 x GUU,0,3,virus_invitro
sars2,B15314,"15319, 15333, 15334, 15335",C x AAU,1,3,virus_invitro
sars2,B15386,15413,0 x A,0,1,virus_invitro
sars2,B15390,"15395, 15407, 15408",U x CU,1,2,virus_invitro
sars2,B15483,"15488, 15568",G x A,1,1,virus_invitro
sars2,B15508,15513,U x 0,1,0,virus_invitro
sars2,B15514,"15519, 15520, 15555",UU x U,2,1,virus_invitro
sars2,B15524,"15529, 15546",U x C,1,1,virus_invitro
sars2,B15583,"15588, 15601",C x C,1,1,virus_invitro
sars2,B156,"161, 162, 280",AC x C,2,1,virus_invitro
sars2,B15666,"15671, 15672, 15673",AGU x 0,3,0,virus_invitro
sars2,B15819,15824,C x 0,1,0,virus_invitro
sars2,B15823,15881,0 x C,0,1,virus_invitro
sars2,B15831,15836,G x 0,1,0,virus_invitro
sars2,B15835,"15840, 15841, 15842",GAC x 0,3,0,virus_invitro
sars2,B15842,"15847, 15848, 15849, 15850, 15851, 15864, 15865",ACUGA x AC,5,2,virus_invitro
sars2,B15965,"15970, 15971, 15972, 15982, 15983, 15984",GUA x GUA,3,3,virus_invitro
sars2,B16119,16157,0 x U,0,1,virus_invitro
sars2,B16127,"16132, 16148",C x A,1,1,virus_invitro
sars2,B163,"168, 169, 170, 274",UAA x C,3,1,virus_invitro
sars2,B16782,"16800, 16801, 16802, 16803, 16804, 16805",0 x UAAAAA,0,6,virus_invitro
sars2,B169,174,G x 0,1,0,virus_invitro
sars2,B17129,"17134, 17135, 17136, 17220, 17221, 17222, 17223, 17224",CCU x UAAAU,3,5,virus_invitro
sars2,B17150,"17178, 17179",0 x UG,0,2,virus_invitro
sars2,B17155,"17160, 17161, 17172",UU x C,2,1,virus_invitro
sars2,B17235,17258,0 x A,0,1,virus_invitro
sars2,B17287,"17292, 17293, 17294, 17316",AGA x A,3,1,virus_invitro
sars2,B17538,"17543, 17556",U x U,1,1,virus_invitro
sars2,B1777,"1782, 1783, 1784, 1801, 1802, 1803",GUG x AAA,3,3,virus_invitro
sars2,B17796,"17801, 17817",C x A,1,1,virus_invitro
sars2,B17958,"17963, 17977, 17978",U x CU,1,2,virus_invitro
sars2,B181,"186, 187, 219, 220, 221, 222, 223, 224",CA x GAUCAU,2,6,virus_invitro
sars2,B18119,"18124, 18141",G x A,1,1,virus_invitro
sars2,B18337,"18342, 18357, 18358, 18359",U x UUU,1,3,virus_invitro
sars2,B18379,"18416, 18417",0 x AU,0,2,virus_invitro
sars2,B18383,"18388, 18411",C x U,1,1,virus_invitro
sars2,B18388,"18393, 18394",UG x 0,2,0,virus_invitro
sars2,B18432,"18471, 18472",0 x UC,0,2,virus_invitro
sars2,B18439,18444,A x 0,1,0,virus_invitro
sars2,B18442,"18447, 18448, 18461",UA x C,2,1,virus_invitro
sars2,B1854,"1884, 1885",0 x CU,0,2,virus_invitro
sars2,B18580,"18585, 18586, 18587, 18601",AUU x C,3,1,virus_invitro
sars2,B1859,"1864, 1865, 1878",UU x C,2,1,virus_invitro
sars2,B18721,"18726, 18764",U x U,1,1,virus_invitro
sars2,B18724,"18729, 18730, 18731, 18757, 18758, 18759, 18760, 18761",UAU x UUUAU,3,5,virus_invitro
sars2,B18733,"18738, 18748, 18749, 18750",U x UAU,1,3,virus_invitro
sars2,B189,"194, 211, 212",U x UU,1,2,virus_invitro
sars2,B18937,"18942, 19025",U x U,1,1,virus_invitro
sars2,B19120,19145,0 x C,0,1,virus_invitro
sars2,B19194,19221,0 x U,0,1,virus_invitro
sars2,B19197,"19216, 19217",0 x CC,0,2,virus_invitro
sars2,B19338,"19343, 19344, 19345, 19363, 19364, 19365, 19366",CUU x UUAC,3,4,virus_invitro
sars2,B19383,"19388, 19408, 19409, 19410, 19411, 19412, 19413, 19414, 19415, 19416, 19417",G x AAACAAGUAG,1,10,virus_invitro
sars2,B19427,"19432, 19433, 19434, 19485",UAU x U,3,1,virus_invitro
sars2,B19438,"19443, 19476",A x A,1,1,virus_invitro
sars2,B19443,19448,C x 0,1,0,virus_invitro
sars2,B19447,"19452, 19468",U x U,1,1,virus_invitro
sars2,B19507,"19512, 19524, 19525, 19526",C x CGA,1,3,virus_invitro
sars2,B19709,"19714, 19725",U x U,1,1,virus_invitro
sars2,B19900,"19905, 19906, 19907, 19965",UAU x U,3,1,virus_invitro
sars2,B19906,"19911, 19912, 19913, 19958, 19959, 19960, 19961",UAC x AAAC,3,4,virus_invitro
sars2,B19911,19955,0 x C,0,1,virus_invitro
sars2,B19916,"19921, 19948, 19949",G x AA,1,2,virus_invitro
sars2,B19921,"19926, 19927, 19943",UU x C,2,1,virus_invitro
sars2,B19973,19996,0 x A,0,1,virus_invitro
sars2,B20291,"20296, 20297, 20298, 20320",AAA x C,3,1,virus_invitro
sars2,B20296,"20301, 20317",A x G,1,1,virus_invitro
sars2,B20919,20936,0 x C,0,1,virus_invitro
sars2,B21082,21087,U x 0,1,0,virus_invitro
sars2,B21166,"21171, 21172",AA x 0,2,0,virus_invitro
sars2,B21171,"21176, 21177",AA x 0,2,0,virus_invitro
sars2,B21395,"21433, 21434",0 x GU,0,2,virus_invitro
sars2,B21399,"21404, 21405, 21406, 21407, 21408, 21426, 21427, 21428",AAUUU x UAC,5,3,virus_invitro
sars2,B21547,"21552, 21553, 21573, 21574, 21575",CU x UUC,2,3,virus_invitro
sars2,B21755,"21760, 21772, 21773, 21774",U x CUC,1,3,virus_invitro
sars2,B21870,"21875, 21903",A x C,1,1,virus_invitro
sars2,B21878,"21883, 21884, 21894, 21895",UA x AU,2,2,virus_invitro
sars2,B2201,"2218, 2219",0 x UA,0,2,virus_invitro
sars2,B22033,"22038, 22039, 22072, 22073, 22074",UU x UGU,2,3,virus_invitro
sars2,B22040,"22045, 22064, 22065, 22066",U x UUU,1,3,virus_invitro
sars2,B22183,22200,0 x U,0,1,virus_invitro
sars2,B22232,22255,0 x A,0,1,virus_invitro
sars2,B22269,"22274, 22275, 22311, 22312",UU x CU,2,2,virus_invitro
sars2,B22276,"22281, 22282, 22283, 22284, 22304, 22305",CUUU x UA,4,2,virus_invitro
sars2,B22284,22289,G x 0,1,0,virus_invitro
sars2,B22437,"22442, 22443, 22444, 22445, 22446, 22456, 22457, 22458, 22459",GACCC x AACA,5,4,virus_invitro
sars2,B22576,"22581, 22582, 22592, 22593",AA x GC,2,2,virus_invitro
sars2,B22619,"22624, 22666, 22667, 22668, 22669, 22670, 22671",C x AUAUAA,1,6,virus_invitro
sars2,B22624,22661,0 x G,0,1,virus_invitro
sars2,B22628,22656,0 x A,0,1,virus_invitro
sars2,B22724,"22729, 22730, 22756",UC x U,2,1,virus_invitro
sars2,B22731,"22736, 22737, 22738, 22747, 22748, 22749, 22750",UUU x CUAU,3,4,virus_invitro
sars2,B22788,"22793, 22794, 22811, 22812",GC x AA,2,2,virus_invitro
sars2,B22844,"22849, 22850",UA x 0,2,0,virus_invitro
sars2,B22935,"22940, 22941, 22959",AA x G,2,1,virus_invitro
sars2,B230,235,A x 0,1,0,virus_invitro
sars2,B23047,"23052, 23074, 23075, 23076, 23077, 23078",U x UUACC,1,5,virus_invitro
sars2,B23053,23068,0 x U,0,1,virus_invitro
sars2,B2316,"2321, 2322, 2372, 2373",UU x UU,2,2,virus_invitro
sars2,B2325,"2330, 2364",U x U,1,1,virus_invitro
sars2,B2328,"2333, 2334, 2361",GC x A,2,1,virus_invitro
sars2,B23286,"23291, 23301",C x A,1,1,virus_invitro
sars2,B2332,"2337, 2358",A x C,1,1,virus_invitro
sars2,B23355,23403,0 x A,0,1,virus_invitro
sars2,B23357,"23396, 23397, 23398, 23399, 23400",0 x UAUCA,0,5,virus_invitro
sars2,B23364,"23369, 23370, 23371, 23386, 23387, 23388",AAU x UGC,3,3,virus_invitro
sars2,B23740,"23745, 23746, 23766, 23767",CA x CA,2,2,virus_invitro
sars2,B23987,"23992, 23993, 23994, 23995, 23996, 23997, 23998, 23999, 24049",AAAACCAA x A,8,1,virus_invitro
sars2,B24000,"24005, 24006, 24043",AG x A,2,1,virus_invitro
sars2,B24009,"24014, 24034, 24035",A x CA,1,2,virus_invitro
sars2,B24054,"24059, 24079, 24080",U x UU,1,2,virus_invitro
sars2,B24871,"24876, 24877, 24878",CAC x 0,3,0,virus_invitro
sars2,B24937,"24942, 24966",A x A,1,1,virus_invitro
sars2,B24943,24960,0 x U,0,1,virus_invitro
sars2,B24981,24986,C x 0,1,0,virus_invitro
sars2,B24984,"24989, 24990",CC x 0,2,0,virus_invitro
sars2,B25025,"25030, 25031, 25032",UAA x 0,3,0,virus_invitro
sars2,B25034,25039,U x 0,1,0,virus_invitro
sars2,B25289,25312,0 x U,0,1,virus_invitro
sars2,B25385,25397,0 x A,0,1,virus_invitro
sars2,B25473,"25478, 25479, 25480, 25569, 25570, 25571",UUC x UUC,3,3,virus_invitro
sars2,B25490,"25495, 25496, 25497",AUA x 0,3,0,virus_invitro
sars2,B25499,"25504, 25531, 25532",C x AU,1,2,virus_invitro
sars2,B25505,"25510, 25511, 25512, 25513, 25525",UCAC x U,4,1,virus_invitro
sars2,B2575,"2580, 2594",A x C,1,1,virus_invitro
sars2,B26027,"26057, 26058, 26059",0 x ACA,0,3,virus_invitro
sars2,B26072,"26077, 26078",AC x 0,2,0,virus_invitro
sars2,B26078,"26110, 26111, 26112",0 x CCU,0,3,virus_invitro
sars2,B26084,"26089, 26103",U x U,1,1,virus_invitro
sars2,B26146,"26151, 26152, 26183, 26184",CG x AU,2,2,virus_invitro
sars2,B26154,"26159, 26160, 26161, 26162, 26175, 26176",UUAA x AC,4,2,virus_invitro
sars2,B26209,"26214, 26215, 26315",UU x U,2,1,virus_invitro
sars2,B26213,"26218, 26312",U x U,1,1,virus_invitro
sars2,B26224,"26229, 26256",U x C,1,1,virus_invitro
sars2,B26265,"26270, 26271",CA x 0,2,0,virus_invitro
sars2,B26635,"26640, 26649",G x A,1,1,virus_invitro
sars2,B26778,"26783, 26784, 26785, 26818, 26819, 26820, 26821, 26822",UGU x CUUUC,3,5,virus_invitro
sars2,B26785,"26790, 26812, 26813",U x UU,1,2,virus_invitro
sars2,B26789,"26794, 26808",U x U,1,1,virus_invitro
sars2,B26922,"26927, 26928, 26985, 26986",AA x CA,2,2,virus_invitro
sars2,B26927,"26932, 26933, 26981",AA x A,2,1,virus_invitro
sars2,B26931,"26936, 26978",C x U,1,1,virus_invitro
sars2,B26937,26972,0 x U,0,1,virus_invitro
sars2,B26942,"26947, 26948",CU x 0,2,0,virus_invitro
sars2,B26947,26952,A x 0,1,0,virus_invitro
sars2,B27195,27213,0 x C,0,1,virus_invitro
sars2,B27330,"27335, 27354",C x A,1,1,virus_invitro
sars2,B27411,"27416, 27417, 27418, 27450, 27451, 27452",CAC x CUA,3,3,virus_invitro
sars2,B27420,"27425, 27426, 27442, 27443",CA x CU,2,2,virus_invitro
sars2,B27498,"27503, 27513",C x C,1,1,virus_invitro
sars2,B27595,"27600, 27616, 27617",C x UA,1,2,virus_invitro
sars2,B2767,2772,A x 0,1,0,virus_invitro
sars2,B27671,"27676, 27677, 27678, 27679, 27680",GAACU x 0,5,0,virus_invitro
sars2,B27679,"27684, 27756",C x A,1,1,virus_invitro
sars2,B27683,"27688, 27689, 27690, 27691, 27752",CCAA x C,4,1,virus_invitro
sars2,B27695,"27700, 27701, 27702, 27740, 27741, 27742, 27743",AUU x UCAA,3,4,virus_invitro
sars2,B27700,27737,0 x C,0,1,virus_invitro
sars2,B27702,"27707, 27734",C x U,1,1,virus_invitro
sars2,B27708,27713,U x 0,1,0,virus_invitro
sars2,B27834,"27839, 27858",U x C,1,1,virus_invitro
sars2,B28007,"28012, 28045, 28046, 28047",A x CUA,1,3,virus_invitro
sars2,B28054,"28059, 28060, 28061, 28160",CCU x U,3,1,virus_invitro
sars2,B28072,28077,G x 0,1,0,virus_invitro
sars2,B28079,28084,A x 0,1,0,virus_invitro
sars2,B28082,28087,C x 0,1,0,virus_invitro
sars2,B28122,"28127, 28128, 28129, 28130",UUAU x 0,4,0,virus_invitro
sars2,B28187,"28192, 28204",U x U,1,1,virus_invitro
sars2,B28298,"28303, 28319",A x A,1,1,virus_invitro
sars2,B28373,28378,G x 0,1,0,virus_invitro
sars2,B2845,"2850, 2880",U x C,1,1,virus_invitro
sars2,B28532,"28537, 28538, 28539, 28540, 28565, 28566",AAGA x GA,4,2,virus_invitro
sars2,B2854,"2859, 2870, 2871",G x AA,1,2,virus_invitro
sars2,B28543,28557,0 x G,0,1,virus_invitro
sars2,B28786,"28791, 28792, 28837",CA x A,2,1,virus_invitro
sars2,B28790,"28795, 28833, 28834",A x CA,1,2,virus_invitro
sars2,B28797,28826,0 x C,0,1,virus_invitro
sars2,B28802,"28807, 28820",C x U,1,1,virus_invitro
sars2,B28907,"28912, 28928",U x C,1,1,virus_invitro
sars2,B29201,"29206, 29207, 29208, 29209, 29226",UUCA x C,4,1,virus_invitro
sars2,B29320,"29325, 29326, 29327, 29341, 29342, 29343",UUU x UAU,3,3,virus_invitro
sars2,B29421,29426,A x 0,1,0,virus_invitro
sars2,B29424,29429,C x 0,1,0,virus_invitro
sars2,B29431,"29436, 29449, 29450, 29451",A x GAC,1,3,virus_invitro
sars2,B29464,"29469, 29489, 29490, 29491",A x CAA,1,3,virus_invitro
sars2,B29504,"29509, 29532, 29533, 29534",C x AAA,1,3,virus_invitro
sars2,B29507,"29512, 29513, 29528, 29529",UG x GC,2,2,virus_invitro
sars2,B29565,"29570, 29571, 29594",AA x A,2,1,virus_invitro
sars2,B29570,"29575, 29576, 29577, 29588, 29589, 29590",UUU x UUU,3,3,virus_invitro
sars2,B29633,"29638, 29647, 29648",A x AG,1,2,virus_invitro
sars2,B303,"308, 309, 310, 311, 312, 313, 314",CAACUCA x 0,7,0,virus_invitro
sars2,B312,"317, 318, 334, 335",UU x UC,2,2,virus_invitro
sars2,B3277,"3282, 3317",U x C,1,1,virus_invitro
sars2,B3280,3314,0 x A,0,1,virus_invitro
sars2,B3286,"3291, 3292, 3293, 3305, 3306, 3307",AAC x AUG,3,3,virus_invitro
sars2,B3374,"3379, 3380, 3381, 3393, 3394, 3395",AUA x CAG,3,3,virus_invitro
sars2,B3426,"3431, 3450",G x A,1,1,virus_invitro
sars2,B3514,3592,0 x U,0,1,virus_invitro
sars2,B3517,"3522, 3523, 3587, 3588",AA x CA,2,2,virus_invitro
sars2,B3523,"3528, 3529, 3530, 3531, 3532, 3533, 3577, 3578, 3579, 3580, 3581, 3582",AUGAUU x UUUAAG,6,6,virus_invitro
sars2,B3541,"3546, 3547, 3548, 3549, 3550, 3564",AUGGA x G,5,1,virus_invitro
sars2,B3652,"3657, 3658, 3659, 3660, 3661, 3662",UUAAGA x 0,6,0,virus_invitro
sars2,B3663,"3668, 3683",U x C,1,1,virus_invitro
sars2,B3702,"3707, 3708, 3709, 3710, 3723, 3724, 3725, 3726",UUAU x UUUU,4,4,virus_invitro
sars2,B3823,"3828, 3829, 3830, 3851, 3852, 3853",CAA x GAA,3,3,virus_invitro
sars2,B4180,"4185, 4229",G x A,1,1,virus_invitro
sars2,B4188,"4193, 4219, 4220, 4221",A x AAA,1,3,virus_invitro
sars2,B4191,"4196, 4216",G x G,1,1,virus_invitro
sars2,B4195,4200,U x 0,1,0,virus_invitro
sars2,B4656,"4661, 4674, 4675",A x AA,1,2,virus_invitro
sars2,B4892,4897,C x 0,1,0,virus_invitro
sars2,B5036,"5041, 5073",A x A,1,1,virus_invitro
sars2,B5043,"5048, 5066",G x G,1,1,virus_invitro
sars2,B5325,"5330, 5387, 5388",A x GC,1,2,virus_invitro
sars2,B5331,"5336, 5337, 5338, 5339",AAUC x 0,4,0,virus_invitro
sars2,B5339,"5344, 5377",U x U,1,1,virus_invitro
sars2,B5345,"5350, 5351, 5352, 5353, 5354, 5355",ACAAGA x 0,6,0,virus_invitro
sars2,B5536,"5541, 5542, 5543, 5544, 5545, 5558, 5559, 5560, 5561, 5562, 5563",AGACA x GUAGAA,5,6,virus_invitro
sars2,B5579,5584,A x 0,1,0,virus_invitro
sars2,B5738,"5743, 5766",G x G,1,1,virus_invitro
sars2,B578,"583, 584, 604",CC x A,2,1,virus_invitro
sars2,B5800,"5805, 5806, 5807, 5808, 5809, 5836, 5837",GCAUA x AG,5,2,virus_invitro
sars2,B5807,5812,C x 0,1,0,virus_invitro
sars2,B5810,5815,U x 0,1,0,virus_invitro
sars2,B5891,"5896, 5897, 5898, 5899",AAAA x 0,4,0,virus_invitro
sars2,B6157,6162,A x 0,1,0,virus_invitro
sars2,B6165,"6170, 6171, 6183, 6184",GC x AA,2,2,virus_invitro
sars2,B6271,"6276, 6291",A x G,1,1,virus_invitro
sars2,B6797,6802,G x 0,1,0,virus_invitro
sars2,B6852,"6857, 6876, 6877",A x AG,1,2,virus_invitro
sars2,B6973,"6978, 7005",U x C,1,1,virus_invitro
sars2,B6977,"6982, 6983, 7000, 7001",CC x CU,2,2,virus_invitro
sars2,B7,"12, 27, 28",A x AC,1,2,virus_invitro
sars2,B7044,"7049, 7050",UA x 0,2,0,virus_invitro
sars2,B7476,"7481, 7499",U x U,1,1,virus_invitro
sars2,B7855,"7860, 7881",C x A,1,1,virus_invitro
sars2,B7859,7877,0 x A,0,1,virus_invitro
sars2,B7978,8003,0 x G,0,1,virus_invitro
sars2,B8038,"8043, 8044, 8045, 8058, 8059, 8060",CUU x UUU,3,3,virus_invitro
sars2,B8582,"8587, 8610, 8611",U x UU,1,2,virus_invitro
sars2,B8587,"8592, 8593, 8604, 8605",UU x UC,2,2,virus_invitro
sars2,B863,"868, 869, 900",UA x C,2,1,virus_invitro
sars2,B868,"873, 874, 875, 876, 877, 892, 893, 894, 895, 896",ACCUU x UAAAG,5,5,virus_invitro
sars2,B87,"92, 119",C x C,1,1,virus_invitro
sars2,B8842,"8847, 8848, 8893, 8894",AA x AA,2,2,virus_invitro
sars2,B8847,"8852, 8889",G x G,1,1,virus_invitro
sars2,B8850,"8855, 8856, 8885, 8886",UU x UU,2,2,virus_invitro
sars2,B8861,"8866, 8875",U x U,1,1,virus_invitro
sars2,B90,95,U x 0,1,0,virus_invitro
sars2,B9043,"9048, 9049, 9050, 9051, 9052, 9073, 9074, 9075, 9076, 9077",AGCCA x CAAUG,5,5,virus_invitro
sars2,B9051,"9056, 9069",C x A,1,1,virus_invitro
sars2,B9160,"9165, 9166, 9167, 9179, 9180",CCU x UC,3,2,virus_invitro
sars2,B95,"100, 112",C x U,1,1,virus_invitro
sars2,B958,"963, 987",A x A,1,1,virus_invitro
sars2,B961,966,A x 0,1,0,virus_invitro
sars2,B9674,"9679, 9714",C x C,1,1,virus_invitro
sars2,B9679,"9684, 9685, 9707, 9708, 9709",UA x AUU,2,3,virus_invitro
sars2,B9685,"9690, 9702",U x U,1,1,virus_invitro
sars2,B9764,"9769, 9788",U x U,1,1,virus_invitro
sars2,B9834,"9839, 9840, 9876, 9877, 9878, 9879",AA x AUAA,2,4,virus_invitro
sars2,B9845,9850,U x 0,1,0,virus_invitro
sars2,B9848,"9853, 9864",U x C,1,1,virus_invitro
sars2,B9986,9991,U x 0,1,0,virus_invitro
zika,B10332,"10338, 10349",A x A,1,1,virus_invitro
zika,B1041,"1047, 1091",U x C,1,1,virus_invitro
zika,B1046,"1052, 1053, 1054, 1055, 1056, 1084, 1085, 1086",GAACA x GGA,5,3,virus_invitro
zika,B1053,"1059, 1060, 1061, 1081",GAG x A,3,1,virus_invitro
zika,B10565,"10571, 10572, 10573, 10574",AAAA x 0,4,0,virus_invitro
zika,B1059,"1075, 1076, 1077",0 x GAU,0,3,virus_invitro
zika,B167,"173, 174, 175, 176, 197, 198, 199, 200",CGUG x AAGA,4,4,virus_invitro
zika,B1736,"1742, 1743, 1777, 1778",AG x AG,2,2,virus_invitro
zika,B1742,"1748, 1749, 1750, 1771, 1772",GAA x CG,3,2,virus_invitro
zika,B177,190,0 x A,0,1,virus_invitro
zika,B2074,"2080, 2081, 2082, 2129, 2130, 2131, 2132",AAA x AUAG,3,4,virus_invitro
zika,B2085,"2091, 2120",U x U,1,1,virus_invitro
zika,B2090,"2096, 2097, 2098, 2099, 2100, 2114, 2115",CUUGA x GA,5,2,virus_invitro
zika,B21,27,G x 0,1,0,virus_invitro
zika,B215,"221, 237",C x U,1,1,virus_invitro
zika,B2295,"2301, 2338, 2339",A x AG,1,2,virus_invitro
zika,B2302,"2308, 2309, 2326, 2327, 2328, 2329, 2330, 2331",UU x AUCACU,2,6,virus_invitro
zika,B2407,"2413, 2414, 2415, 2445, 2446, 2447, 2448",UAU x UGAU,3,4,virus_invitro
zika,B2417,2423,A x 0,1,0,virus_invitro
zika,B2420,"2426, 2434, 2435",U x CC,1,2,virus_invitro
zika,B2809,2815,U x 0,1,0,virus_invitro
zika,B283,289,A x 0,1,0,virus_invitro
zika,B288,"294, 319",U x C,1,1,virus_invitro
zika,B2942,"2948, 2949, 2958, 2959",CA x GA,2,2,virus_invitro
zika,B3370,"3376, 3377, 3391, 3392, 3393",AA x AAG,2,3,virus_invitro
zika,B3625,"3631, 3658, 3659, 3660, 3661",C x AGUC,1,4,virus_invitro
zika,B3628,"3634, 3655",G x G,1,1,virus_invitro
zika,B4000,"4006, 4007, 4008, 4009, 4038, 4039, 4040, 4041, 4042",AACA x CAUGG,4,5,virus_invitro
zika,B4008,"4014, 4033",U x C,1,1,virus_invitro
zika,B4012,"4018, 4019, 4020",UCG x 0,3,0,virus_invitro
zika,B4047,4128,0 x U,0,1,virus_invitro
zika,B4051,"4057, 4058, 4059, 4060, 4061, 4122, 4123",UACUU x UU,5,2,virus_invitro
zika,B4060,4117,0 x G,0,1,virus_invitro
zika,B4063,"4069, 4070, 4107, 4108, 4109, 4110, 4111, 4112, 4113",GA x AGAAGAA,2,7,virus_invitro
zika,B4072,4099,0 x U,0,1,virus_invitro
zika,B4075,"4081, 4095",C x A,1,1,virus_invitro
zika,B4260,"4266, 4267, 4268, 4269, 4286, 4287, 4288, 4289, 4290, 4291, 4292",GAGG x AUUGAGA,4,7,virus_invitro
zika,B4410,"4416, 4417, 4418, 4419, 4445, 4446, 4447, 4448, 4449, 4450, 4451, 4452",GAAA x GAUGAGAG,4,8,virus_invitro
zika,B4418,4440,0 x C,0,1,virus_invitro
zika,B4420,"4426, 4437",U x U,1,1,virus_invitro
zika,B4684,"4690, 4716",G x G,1,1,virus_invitro
zika,B4688,"4694, 4695, 4712",GG x G,2,1,virus_invitro
zika,B4881,"4887, 4897",A x C,1,1,virus_invitro
zika,B5264,"5270, 5283, 5284, 5285, 5286",C x UCGC,1,4,virus_invitro
zika,B5298,5314,0 x A,0,1,virus_invitro
zika,B5343,"5349, 5350, 5351, 5363, 5364, 5365, 5366, 5367, 5368, 5369, 5370",UCA x ACAGAAAU,3,8,virus_invitro
zika,B545,"551, 561",A x G,1,1,virus_invitro
zika,B5510,"5516, 5517, 5518, 5519, 5558, 5559, 5560, 5561, 5562",GAAA x CCAGG,4,5,virus_invitro
zika,B5517,"5523, 5524, 5525, 5526, 5552, 5553, 5554",GCGA x ACA,4,3,virus_invitro
zika,B5526,"5532, 5533, 5534, 5535, 5546",CUGC x A,4,1,virus_invitro
zika,B6029,"6035, 6036, 6037, 6038, 6048, 6049, 6050, 6051",GAGA x GCCA,4,4,virus_invitro
zika,B6280,"6286, 6287",CU x 0,2,0,virus_invitro
zika,B6285,"6291, 6303",A x A,1,1,virus_invitro
zika,B6422,"6428, 6429, 6430, 6431, 6432, 6433, 6446, 6447, 6448, 6449, 6450, 6451, 6452",AAAGAA x AAAAGAG,6,7,virus_invitro
zika,B663,"669, 682, 683",A x CA,1,2,virus_invitro
zika,B6693,"6699, 6728",U x U,1,1,virus_invitro
zika,B6696,"6702, 6703, 6704, 6723, 6724, 6725",GAA x GUG,3,3,virus_invitro
zika,B6702,"6708, 6709, 6710",UAA x 0,3,0,virus_invitro
zika,B6736,"6742, 6743, 6744",UUC x 0,3,0,virus_invitro
zika,B6844,6866,0 x A,0,1,virus_invitro
zika,B7002,"7008, 7025, 7026, 7027, 7028, 7029, 7030",C x AUCUAU,1,6,virus_invitro
zika,B7086,"7092, 7093, 7130",AC x C,2,1,virus_invitro
zika,B7094,"7100, 7101, 7102, 7103, 7116, 7117, 7118, 7119, 7120, 7121, 7122, 7123",UUAA x CACAAGCU,4,8,virus_invitro
zika,B8374,"8380, 8381",AC x 0,2,0,virus_invitro
zika,B8862,8878,0 x A,0,1,virus_invitro
zika,B9119,"9125, 9179",G x G,1,1,virus_invitro
zika,B9126,"9132, 9133, 9134, 9135, 9136, 9166, 9167, 9168, 9169, 9170, 9171, 9172",UGAAC x AGGAGGU,5,7,virus_invitro
zika,B9134,"9140, 9141, 9153, 9154, 9155, 9156, 9157, 9158, 9159, 9160, 9161, 9162",GA x GAAGAGAAAA,2,10,virus_invitro
zika,B9307,"9313, 9314, 9315, 9316, 9317, 9330, 9331, 9332, 9333",GAUUA x AGGA,5,4,virus_invitro
zika,B9511,"9517, 9518",UA x 0,2,0,virus_invitro
zika,B9759,"9765, 9766, 9782, 9783, 9784",AU x UUC,2,3,virus_invitro
zika,B9905,9911,A x 0,1,0,virus_invitro
zika,B9911,9944,0 x U,0,1,virus_invitro
zika,B9916,9938,0 x C,0,1,virus_invitro
