gene_id,bulge_id,number,nuc_id,m,n,exp_name
sars2,B10092,"10130, 10131, 10132",0 x ACA,0,3,virus_invivo
sars2,B10100,"10105, 10106",GG x 0,2,0,virus_invivo
sars2,B10156,"10161, 10182",U x U,1,1,virus_invivo
sars2,B10161,10177,0 x U,0,1,virus_invivo
sars2,B10214,"10241, 10242",0 x AA,0,2,virus_invivo
sars2,B10345,"10350, 10351, 10352, 10353, 10354, 10355, 10356, 10357, 10389, 10390, 10391, 10392, 10393",CUAAGUAU x UUUCA,8,5,virus_invivo
sars2,B10410,"10415, 10428, 10429, 10430",U x UUU,1,3,virus_invivo
sars2,B10587,"10592, 10593",AA x 0,2,0,virus_invivo
sars2,B1070,"1075, 1076",UC x 0,2,0,virus_invivo
sars2,B10797,10842,0 x A,0,1,virus_invivo
sars2,B10804,"10809, 10810, 10811, 10812, 10830, 10831, 10832, 10833, 10834",CUCU x UUGCC,4,5,virus_invivo
sars2,B10858,"10863, 10907",A x G,1,1,virus_invivo
sars2,B10865,10870,G x 0,1,0,virus_invivo
sars2,B10869,"10874, 10897",A x A,1,1,virus_invivo
sars2,B11346,11365,0 x G,0,1,virus_invivo
sars2,B11379,"11384, 11417",A x G,1,1,virus_invivo
sars2,B11386,"11409, 11410",0 x UG,0,2,virus_invivo
sars2,B11555,"11560, 11561, 11660",UU x U,2,1,virus_invivo
sars2,B11581,"11602, 11603",0 x AA,0,2,virus_invivo
sars2,B11624,"11629, 11630, 11631, 11632, 11633, 11645, 11646",UUUUU x UU,5,2,virus_invivo
sars2,B11690,"11695, 11696, 11697, 11698, 11711, 11712, 11713",UUAU x UCU,4,3,virus_invivo
sars2,B11772,"11777, 11809",U x U,1,1,virus_invivo
sars2,B11777,11804,0 x G,0,1,virus_invivo
sars2,B11881,"11886, 11902",C x C,1,1,virus_invivo
sars2,B11908,"11913, 11914, 11956",CA x C,2,1,virus_invivo
sars2,B11914,"11919, 11920, 11921, 11922, 11923, 11924, 11925, 11926, 11944, 11945, 11946, 11947, 11948, 11949, 11950, 11951",CUAAAUUG x GUUACACA,8,8,virus_invivo
sars2,B11982,11997,0 x U,0,1,virus_invivo
sars2,B1204,"1209, 1210, 1269, 1270",UG x AU,2,2,virus_invivo
sars2,B1211,"1216, 1217, 1218, 1219, 1220, 1262, 1263",UUCAA x AC,5,2,virus_invivo
sars2,B1218,"1223, 1259",C x C,1,1,virus_invivo
sars2,B12243,12248,G x 0,1,0,virus_invivo
sars2,B12251,"12256, 12269, 12270, 12271, 12272, 12273, 12274",G x GAAAAG,1,6,virus_invivo
sars2,B1228,"1233, 1234, 1235, 1247, 1248, 1249",GUG x GAA,3,3,virus_invivo
sars2,B12335,"12340, 12341, 12342, 12372",UAC x U,3,1,virus_invivo
sars2,B12343,"12348, 12349, 12350, 12351, 12363, 12364, 12365, 12366",CUAU x UUUU,4,4,virus_invivo
sars2,B12388,"12393, 12405",A x A,1,1,virus_invivo
sars2,B12421,"12426, 12427, 12428, 12451, 12452",AUG x AC,3,2,virus_invivo
sars2,B12635,12640,U x 0,1,0,virus_invivo
sars2,B12640,"12645, 12646, 12655, 12656",UU x UU,2,2,virus_invivo
sars2,B12930,"12935, 12936, 12959, 12960",AA x AA,2,2,virus_invivo
sars2,B12989,13011,0 x C,0,1,virus_invivo
sars2,B13067,"13072, 13105",C x C,1,1,virus_invivo
sars2,B13070,"13075, 13102",U x U,1,1,virus_invivo
sars2,B13076,"13081, 13096",U x U,1,1,virus_invivo
sars2,B13079,"13084, 13093",U x U,1,1,virus_invivo
sars2,B13196,"13201, 13202, 13203, 13204",GGAA x 0,4,0,virus_invivo
sars2,B13205,"13210, 13211, 13212, 13226",UAU x U,3,1,virus_invivo
sars2,B13269,"13274, 13275, 13292",CC x U,2,1,virus_invivo
sars2,B13488,13537,0 x A,0,1,virus_invivo
sars2,B13490,"13495, 13496, 13497, 13498, 13499, 13500, 13501, 13502",CUUACACC x 0,8,0,virus_invivo
sars2,B13506,13526,0 x A,0,1,virus_invivo
sars2,B13509,13522,0 x A,0,1,virus_invivo
sars2,B13599,"13604, 13605, 13606, 13620, 13621, 13622, 13623",GCU x CGAA,3,4,virus_invivo
sars2,B13758,"13763, 13791",G x A,1,1,virus_invivo
sars2,B13763,"13768, 13786",A x C,1,1,virus_invivo
sars2,B13820,"13825, 13840, 13841, 13842",U x UUU,1,3,virus_invivo
sars2,B13962,"13967, 13968, 13969, 13978, 13979, 13980",CCA x GAA,3,3,virus_invivo
sars2,B14022,14027,U x 0,1,0,virus_invivo
sars2,B14077,"14082, 14134",U x C,1,1,virus_invivo
sars2,B14089,"14094, 14095, 14103, 14104",UU x UU,2,2,virus_invivo
sars2,B14265,"14270, 14290, 14291",A x GA,1,2,virus_invivo
sars2,B14342,"14369, 14370, 14371",0 x GUG,0,3,virus_invivo
sars2,B14346,14351,A x 0,1,0,virus_invivo
sars2,B14382,"14387, 14388",UA x 0,2,0,virus_invivo
sars2,B14389,14394,U x 0,1,0,virus_invivo
sars2,B14392,14427,0 x A,0,1,virus_invivo
sars2,B14396,"14401, 14422",U x C,1,1,virus_invivo
sars2,B14400,"14405, 14416, 14417, 14418",C x UUU,1,3,virus_invivo
sars2,B14453,"14458, 14471",U x C,1,1,virus_invivo
sars2,B14489,"14494, 14525",G x A,1,1,virus_invivo
sars2,B14492,"14521, 14522",0 x UU,0,2,virus_invivo
sars2,B14495,14500,G x 0,1,0,virus_invivo
sars2,B14557,14562,U x 0,1,0,virus_invivo
sars2,B14566,"14571, 14572, 14573, 14574, 14575, 14576, 14577, 14578, 14579, 14626, 14627, 14628",CCCUGCUAU x UUU,9,3,virus_invivo
sars2,B14580,"14585, 14618, 14619, 14620",C x CUA,1,3,virus_invivo
sars2,B14584,"14589, 14610, 14611, 14612, 14613, 14614",U x UAAAC,1,5,virus_invivo
sars2,B15096,"15101, 15102, 15103",CUC x 0,3,0,virus_invivo
sars2,B152,"285, 286, 287",0 x GUU,0,3,virus_invivo
sars2,B15314,"15319, 15333, 15334, 15335",C x AAU,1,3,virus_invivo
sars2,B15380,"15385, 15419, 15420",U x CU,1,2,virus_invivo
sars2,B15386,15413,0 x A,0,1,virus_invivo
sars2,B15390,"15395, 15407, 15408",U x CU,1,2,virus_invivo
sars2,B15514,"15519, 15520, 15555",UU x U,2,1,virus_invivo
sars2,B15524,"15529, 15546",U x C,1,1,virus_invivo
sars2,B15583,"15588, 15601",C x C,1,1,virus_invivo
sars2,B156,"161, 162, 280",AC x C,2,1,virus_invivo
sars2,B15666,"15671, 15672, 15673",AGU x 0,3,0,virus_invivo
sars2,B15819,15824,C x 0,1,0,virus_invivo
sars2,B15823,15881,0 x C,0,1,virus_invivo
sars2,B15831,15836,G x 0,1,0,virus_invivo
sars2,B15835,"15840, 15841, 15842",GAC x 0,3,0,virus_invivo
sars2,B15842,"15847, 15848, 15849, 15850, 15851, 15864, 15865",ACUGA x AC,5,2,virus_invivo
sars2,B1588,"1593, 1594, 1595, 1596, 1597, 1598",CCGAAG x 0,6,0,virus_invivo
sars2,B15965,"15970, 15971, 15972, 15982, 15983, 15984",GUA x GUA,3,3,virus_invivo
sars2,B16080,"16085, 16086, 16087, 16103, 16104, 16105",AUU x UAA,3,3,virus_invivo
sars2,B16119,16157,0 x U,0,1,virus_invivo
sars2,B16127,"16132, 16148",C x A,1,1,virus_invivo
sars2,B163,"168, 169, 170, 274",UAA x C,3,1,virus_invivo
sars2,B16782,"16800, 16801, 16802, 16803, 16804, 16805",0 x UAAAAA,0,6,virus_invivo
sars2,B1679,1684,C x 0,1,0,virus_invivo
sars2,B169,174,G x 0,1,0,virus_invivo
sars2,B17129,"17134, 17135, 17136, 17220, 17221, 17222, 17223, 17224",CCU x UAAAU,3,5,virus_invivo
sars2,B17150,"17178, 17179",0 x UG,0,2,virus_invivo
sars2,B17155,"17160, 17161, 17172",UU x C,2,1,virus_invivo
sars2,B17235,17258,0 x A,0,1,virus_invivo
sars2,B17482,17487,A x 0,1,0,virus_invivo
sars2,B17486,"17491, 17492, 17493, 17503, 17504",CCA x AA,3,2,virus_invivo
sars2,B17538,"17543, 17556",U x U,1,1,virus_invivo
sars2,B17786,"17791, 17792, 17829, 17830",AA x AA,2,2,virus_invivo
sars2,B17796,"17801, 17817",C x A,1,1,virus_invivo
sars2,B17958,"17963, 17977, 17978",U x CU,1,2,virus_invivo
sars2,B17993,"17998, 17999, 18000, 18060, 18061, 18062, 18063, 18064, 18065",ACA x CUUUAA,3,6,virus_invivo
sars2,B181,"186, 187, 219, 220, 221, 222, 223, 224",CA x GAUCAU,2,6,virus_invivo
sars2,B18119,"18124, 18141",G x A,1,1,virus_invivo
sars2,B1820,"1825, 1826, 1911, 1912, 1913",CU x CCC,2,3,virus_invivo
sars2,B1826,"1831, 1906",U x U,1,1,virus_invivo
sars2,B1833,"1838, 1839, 1840, 1841, 1842, 1843, 1844, 1845, 1846, 1847, 1896, 1897, 1898, 1899",GAACAGAAAU x UACG,10,4,virus_invivo
sars2,B18337,"18342, 18357, 18358, 18359",U x UUU,1,3,virus_invivo
sars2,B18432,"18471, 18472",0 x UC,0,2,virus_invivo
sars2,B18439,18444,A x 0,1,0,virus_invivo
sars2,B18442,"18447, 18448, 18461",UA x C,2,1,virus_invivo
sars2,B1849,1854,U x 0,1,0,virus_invivo
sars2,B1854,"1884, 1885",0 x CU,0,2,virus_invivo
sars2,B18580,"18585, 18586, 18587, 18601",AUU x C,3,1,virus_invivo
sars2,B1859,"1864, 1865, 1878",UU x C,2,1,virus_invivo
sars2,B18652,"18657, 18658, 18659, 18660, 18661",CUGUU x 0,5,0,virus_invivo
sars2,B18733,"18738, 18748, 18749, 18750",U x UAU,1,3,virus_invivo
sars2,B189,"194, 211, 212",U x UU,1,2,virus_invivo
sars2,B19073,"19078, 19079, 19093, 19094",GA x GA,2,2,virus_invivo
sars2,B19120,19145,0 x C,0,1,virus_invivo
sars2,B19194,19221,0 x U,0,1,virus_invivo
sars2,B19197,"19216, 19217",0 x CC,0,2,virus_invivo
sars2,B19383,"19388, 19408, 19409, 19410, 19411, 19412, 19413, 19414, 19415, 19416, 19417",G x AAACAAGUAG,1,10,virus_invivo
sars2,B19438,"19443, 19476",A x A,1,1,virus_invivo
sars2,B19443,19448,C x 0,1,0,virus_invivo
sars2,B19447,"19452, 19468",U x U,1,1,virus_invivo
sars2,B19507,"19512, 19524, 19525, 19526",C x CGA,1,3,virus_invivo
sars2,B19596,"19601, 19602, 19603, 19614, 19615",ACA x AC,3,2,virus_invivo
sars2,B19709,"19714, 19725",U x U,1,1,virus_invivo
sars2,B19774,"19779, 19804",A x A,1,1,virus_invivo
sars2,B19777,"19782, 19801",A x C,1,1,virus_invivo
sars2,B19781,19786,G x 0,1,0,virus_invivo
sars2,B19900,"19905, 19906, 19907, 19965",UAU x U,3,1,virus_invivo
sars2,B19906,"19911, 19912, 19913, 19914, 19915, 19955, 19956, 19957, 19958, 19959, 19960, 19961",UACUA x CUGAAAC,5,7,virus_invivo
sars2,B19916,"19921, 19948, 19949",G x AA,1,2,virus_invivo
sars2,B19921,"19926, 19927, 19943",UU x C,2,1,virus_invivo
sars2,B19973,19996,0 x A,0,1,virus_invivo
sars2,B20291,"20296, 20297, 20298, 20299, 20300, 20301, 20317, 20318, 20319, 20320",AAAUUA x GAAC,6,4,virus_invivo
sars2,B20514,"20519, 20520, 20544",AU x C,2,1,virus_invivo
sars2,B20919,20936,0 x C,0,1,virus_invivo
sars2,B21070,"21075, 21076, 21077, 21078, 21079, 21080, 21081, 21109, 21110, 21111, 21112",UACAAAA x ACUU,7,4,virus_invivo
sars2,B21082,21087,U x 0,1,0,virus_invivo
sars2,B21166,"21171, 21172",AA x 0,2,0,virus_invivo
sars2,B21171,"21176, 21177",AA x 0,2,0,virus_invivo
sars2,B21250,"21255, 21267",G x A,1,1,virus_invivo
sars2,B21505,"21510, 21526",A x A,1,1,virus_invivo
sars2,B21547,"21552, 21553, 21573, 21574, 21575",CU x UUC,2,3,virus_invivo
sars2,B21694,"21699, 21716",C x C,1,1,virus_invivo
sars2,B21755,"21760, 21772, 21773, 21774",U x CUC,1,3,virus_invivo
sars2,B21870,"21875, 21903",A x C,1,1,virus_invivo
sars2,B21878,"21883, 21884, 21894, 21895",UA x AU,2,2,virus_invivo
sars2,B2201,"2218, 2219",0 x UA,0,2,virus_invivo
sars2,B22040,"22045, 22064, 22065, 22066",U x UUU,1,3,virus_invivo
sars2,B22183,22200,0 x U,0,1,virus_invivo
sars2,B22232,22255,0 x A,0,1,virus_invivo
sars2,B22269,"22274, 22275, 22311, 22312",UU x CU,2,2,virus_invivo
sars2,B22276,"22281, 22282, 22283, 22284, 22304, 22305",CUUU x UA,4,2,virus_invivo
sars2,B22284,22289,G x 0,1,0,virus_invivo
sars2,B22566,"22571, 22572, 22573, 22601, 22602, 22603",CCU x UUU,3,3,virus_invivo
sars2,B22576,"22581, 22582, 22592, 22593",AA x GC,2,2,virus_invivo
sars2,B22624,22661,0 x G,0,1,virus_invivo
sars2,B22628,22656,0 x A,0,1,virus_invivo
sars2,B22724,"22729, 22730, 22756",UC x U,2,1,virus_invivo
sars2,B22731,"22736, 22737, 22738, 22747, 22748, 22749, 22750",UUU x CUAU,3,4,virus_invivo
sars2,B22788,"22793, 22794, 22811, 22812",GC x AA,2,2,virus_invivo
sars2,B22844,"22849, 22850",UA x 0,2,0,virus_invivo
sars2,B22935,"22940, 22941, 22959",AA x G,2,1,virus_invivo
sars2,B230,235,A x 0,1,0,virus_invivo
sars2,B23053,23068,0 x U,0,1,virus_invivo
sars2,B2316,"2321, 2322, 2372, 2373",UU x UU,2,2,virus_invivo
sars2,B2325,"2330, 2364",U x U,1,1,virus_invivo
sars2,B2328,"2333, 2334, 2361",GC x A,2,1,virus_invivo
sars2,B23286,"23291, 23301",C x A,1,1,virus_invivo
sars2,B2332,"2337, 2358",A x C,1,1,virus_invivo
sars2,B23452,"23506, 23507, 23508, 23509, 23510, 23511, 23512, 23513",0 x CUGUUUAA,0,8,virus_invivo
sars2,B23456,23501,0 x G,0,1,virus_invivo
sars2,B23464,"23469, 23470, 23471, 23472, 23473, 23488, 23489, 23490, 23491, 23492",AUUCU x UUUUC,5,5,virus_invivo
sars2,B23721,"23798, 23799, 23800",0 x UCA,0,3,virus_invivo
sars2,B23740,"23745, 23746, 23766, 23767",CA x CA,2,2,virus_invivo
sars2,B23861,23866,U x 0,1,0,virus_invivo
sars2,B23987,"23992, 23993, 23994, 23995, 23996, 23997, 23998, 23999, 24049",AAAACCAA x A,8,1,virus_invivo
sars2,B24000,"24005, 24006, 24043",AG x A,2,1,virus_invivo
sars2,B24009,"24014, 24034, 24035",A x CA,1,2,virus_invivo
sars2,B24054,"24059, 24079, 24080",U x UU,1,2,virus_invivo
sars2,B24189,"24194, 24195, 24196, 24197, 24198, 24225",UUAGC x U,5,1,virus_invivo
sars2,B24198,"24203, 24220",A x G,1,1,virus_invivo
sars2,B24504,24509,C x 0,1,0,virus_invivo
sars2,B24817,24822,C x 0,1,0,virus_invivo
sars2,B24937,"24942, 24966",A x A,1,1,virus_invivo
sars2,B24943,24960,0 x U,0,1,virus_invivo
sars2,B25034,25039,U x 0,1,0,virus_invivo
sars2,B25289,25312,0 x U,0,1,virus_invivo
sars2,B25385,25397,0 x A,0,1,virus_invivo
sars2,B25473,"25478, 25479, 25480, 25569, 25570, 25571",UUC x UUC,3,3,virus_invivo
sars2,B25490,"25495, 25496, 25497",AUA x 0,3,0,virus_invivo
sars2,B25499,"25504, 25531, 25532",C x AU,1,2,virus_invivo
sars2,B25505,"25510, 25511, 25512, 25513, 25525",UCAC x U,4,1,virus_invivo
sars2,B2567,"2572, 2602",U x U,1,1,virus_invivo
sars2,B2575,"2580, 2594",A x C,1,1,virus_invivo
sars2,B25850,25855,G x 0,1,0,virus_invivo
sars2,B26027,"26057, 26058, 26059",0 x ACA,0,3,virus_invivo
sars2,B26072,"26077, 26078",AC x 0,2,0,virus_invivo
sars2,B26078,"26110, 26111, 26112",0 x CCU,0,3,virus_invivo
sars2,B26084,"26089, 26103",U x U,1,1,virus_invivo
sars2,B26146,"26151, 26152, 26183, 26184",CG x AU,2,2,virus_invivo
sars2,B26154,"26159, 26160, 26161, 26162, 26175, 26176",UUAA x AC,4,2,virus_invivo
sars2,B26390,"26395, 26396, 26417, 26418, 26419",CU x UUU,2,3,virus_invivo
sars2,B26778,"26783, 26784, 26785, 26818, 26819, 26820, 26821, 26822",UGU x CUUUC,3,5,virus_invivo
sars2,B26785,"26790, 26812, 26813",U x UU,1,2,virus_invivo
sars2,B26789,"26794, 26808",U x U,1,1,virus_invivo
sars2,B26922,"26927, 26928, 26985, 26986",AA x CA,2,2,virus_invivo
sars2,B26927,"26932, 26933, 26981",AA x A,2,1,virus_invivo
sars2,B26931,"26936, 26978",C x U,1,1,virus_invivo
sars2,B26937,26972,0 x U,0,1,virus_invivo
sars2,B26942,"26947, 26948",CU x 0,2,0,virus_invivo
sars2,B26947,26952,A x 0,1,0,virus_invivo
sars2,B27189,"27194, 27195",GA x 0,2,0,virus_invivo
sars2,B27195,27213,0 x C,0,1,virus_invivo
sars2,B27330,"27335, 27354",C x A,1,1,virus_invivo
sars2,B27411,"27416, 27417, 27418, 27450, 27451, 27452",CAC x CUA,3,3,virus_invivo
sars2,B27420,"27425, 27426, 27442, 27443",CA x CU,2,2,virus_invivo
sars2,B27498,"27503, 27513",C x C,1,1,virus_invivo
sars2,B27559,"27564, 27565, 27591, 27592",UU x UU,2,2,virus_invivo
sars2,B27563,"27568, 27569, 27570, 27586, 27587, 27588",UUU x UUU,3,3,virus_invivo
sars2,B27595,"27600, 27616, 27617",C x UA,1,2,virus_invivo
sars2,B27708,27713,U x 0,1,0,virus_invivo
sars2,B27834,"27839, 27858",U x C,1,1,virus_invivo
sars2,B27883,"27888, 27889, 27910, 27911",AC x UC,2,2,virus_invivo
sars2,B27890,"27895, 27904",U x U,1,1,virus_invivo
sars2,B28065,"28070, 28071",AU x 0,2,0,virus_invivo
sars2,B28072,28077,G x 0,1,0,virus_invivo
sars2,B28079,28084,A x 0,1,0,virus_invivo
sars2,B28082,28087,C x 0,1,0,virus_invivo
sars2,B28183,28209,0 x G,0,1,virus_invivo
sars2,B28187,"28192, 28204",U x U,1,1,virus_invivo
sars2,B28298,"28303, 28319",A x A,1,1,virus_invivo
sars2,B28373,28378,G x 0,1,0,virus_invivo
sars2,B2845,"2850, 2880",U x C,1,1,virus_invivo
sars2,B2854,"2859, 2870, 2871",G x AA,1,2,virus_invivo
sars2,B28797,28826,0 x C,0,1,virus_invivo
sars2,B28802,"28807, 28820",C x U,1,1,virus_invivo
sars2,B28907,"28912, 28928",U x C,1,1,virus_invivo
sars2,B29201,"29206, 29207, 29208, 29209, 29226",UUCA x C,4,1,virus_invivo
sars2,B29260,"29265, 29266",UG x 0,2,0,virus_invivo
sars2,B29421,29426,A x 0,1,0,virus_invivo
sars2,B29424,29429,C x 0,1,0,virus_invivo
sars2,B29431,"29436, 29449, 29450, 29451",A x GAC,1,3,virus_invivo
sars2,B29464,"29469, 29489, 29490, 29491",A x CAA,1,3,virus_invivo
sars2,B29565,"29570, 29571, 29594",AA x A,2,1,virus_invivo
sars2,B29570,"29575, 29576, 29577, 29588, 29589, 29590",UUU x UUU,3,3,virus_invivo
sars2,B29633,"29638, 29647, 29648",A x AG,1,2,virus_invivo
sars2,B3017,3022,U x 0,1,0,virus_invivo
sars2,B3020,3025,G x 0,1,0,virus_invivo
sars2,B3025,3030,G x 0,1,0,virus_invivo
sars2,B3032,"3037, 3057, 3058",C x AA,1,2,virus_invivo
sars2,B3035,"3040, 3054",C x A,1,1,virus_invivo
sars2,B3124,3129,A x 0,1,0,virus_invivo
sars2,B3277,"3282, 3317",U x C,1,1,virus_invivo
sars2,B3280,3314,0 x A,0,1,virus_invivo
sars2,B3286,"3291, 3292, 3293, 3305, 3306, 3307",AAC x AUG,3,3,virus_invivo
sars2,B3374,"3379, 3380, 3381, 3393, 3394, 3395",AUA x CAG,3,3,virus_invivo
sars2,B3426,"3431, 3450",G x A,1,1,virus_invivo
sars2,B3514,3592,0 x U,0,1,virus_invivo
sars2,B3517,"3522, 3523, 3587, 3588",AA x CA,2,2,virus_invivo
sars2,B3523,"3528, 3529, 3530, 3531, 3532, 3533, 3577, 3578, 3579, 3580, 3581, 3582",AUGAUU x UUUAAG,6,6,virus_invivo
sars2,B3541,"3546, 3547, 3548, 3549, 3550, 3564",AUGGA x G,5,1,virus_invivo
sars2,B3702,"3707, 3708, 3709, 3710, 3723, 3724, 3725, 3726",UUAU x UUUU,4,4,virus_invivo
sars2,B3823,"3828, 3829, 3830, 3851, 3852, 3853",CAA x GAA,3,3,virus_invivo
sars2,B4180,"4185, 4229",G x A,1,1,virus_invivo
sars2,B4188,"4193, 4219, 4220, 4221",A x AAA,1,3,virus_invivo
sars2,B4191,"4196, 4216",G x G,1,1,virus_invivo
sars2,B4195,4200,U x 0,1,0,virus_invivo
sars2,B4512,"4517, 4518, 4565, 4566, 4567",UA x CUU,2,3,virus_invivo
sars2,B4522,"4527, 4528, 4551, 4552, 4553, 4554, 4555, 4556",GA x CAACUG,2,6,virus_invivo
sars2,B4656,"4661, 4674, 4675",A x AA,1,2,virus_invivo
sars2,B4892,4897,C x 0,1,0,virus_invivo
sars2,B497,532,0 x A,0,1,virus_invivo
sars2,B500,"505, 506, 507, 525, 526, 527, 528",UCA x AGCU,3,4,virus_invivo
sars2,B5036,"5041, 5073",A x A,1,1,virus_invivo
sars2,B5043,"5048, 5066",G x G,1,1,virus_invivo
sars2,B5167,5172,A x 0,1,0,virus_invivo
sars2,B5170,"5175, 5190, 5191, 5192",C x UUC,1,3,virus_invivo
sars2,B5331,"5336, 5337, 5338, 5339",AAUC x 0,4,0,virus_invivo
sars2,B5339,"5344, 5377",U x U,1,1,virus_invivo
sars2,B5345,"5350, 5351, 5352, 5353, 5354, 5355",ACAAGA x 0,6,0,virus_invivo
sars2,B5536,"5541, 5542, 5560, 5561, 5562, 5563",AG x AGAA,2,4,virus_invivo
sars2,B5540,5545,A x 0,1,0,virus_invivo
sars2,B5579,5584,A x 0,1,0,virus_invivo
sars2,B5650,"5655, 5656, 5657, 5658, 5659, 5660, 5681, 5682",UAGUAC x AU,6,2,virus_invivo
sars2,B5738,"5743, 5766",G x G,1,1,virus_invivo
sars2,B578,"583, 584, 604",CC x A,2,1,virus_invivo
sars2,B5800,"5805, 5806, 5807, 5808, 5809, 5836, 5837",GCAUA x AG,5,2,virus_invivo
sars2,B5807,5812,C x 0,1,0,virus_invivo
sars2,B5810,5815,U x 0,1,0,virus_invivo
sars2,B5891,"5896, 5897, 5898, 5899",AAAA x 0,4,0,virus_invivo
sars2,B6157,6162,A x 0,1,0,virus_invivo
sars2,B6165,"6170, 6171, 6183, 6184",GC x AA,2,2,virus_invivo
sars2,B6271,"6276, 6291",A x G,1,1,virus_invivo
sars2,B6317,"6322, 6323, 6324, 6325",UGAA x 0,4,0,virus_invivo
sars2,B662,667,U x 0,1,0,virus_invivo
sars2,B667,672,A x 0,1,0,virus_invivo
sars2,B670,"675, 705",G x A,1,1,virus_invivo
sars2,B675,"680, 681, 682, 683, 684, 685, 700",GAUCUA x A,6,1,virus_invivo
sars2,B6797,6802,G x 0,1,0,virus_invivo
sars2,B6848,6853,U x 0,1,0,virus_invivo
sars2,B6852,"6857, 6876, 6877",A x AG,1,2,virus_invivo
sars2,B6973,"6978, 7005",U x C,1,1,virus_invivo
sars2,B6977,"6982, 6983, 7000, 7001",CC x CU,2,2,virus_invivo
sars2,B7,"12, 27, 28",A x AC,1,2,virus_invivo
sars2,B7044,"7049, 7050",UA x 0,2,0,virus_invivo
sars2,B7093,"7098, 7099, 7139, 7140",UU x CU,2,2,virus_invivo
sars2,B7099,"7104, 7105, 7134",CC x U,2,1,virus_invivo
sars2,B7108,"7113, 7114, 7126",CU x U,2,1,virus_invivo
sars2,B7223,"7228, 7229",UG x 0,2,0,virus_invivo
sars2,B7345,"7350, 7368",C x U,1,1,virus_invivo
sars2,B7476,"7481, 7499",U x U,1,1,virus_invivo
sars2,B7566,"7571, 7586",G x G,1,1,virus_invivo
sars2,B7662,7667,G x 0,1,0,virus_invivo
sars2,B7820,"7825, 7826, 7843, 7844",UU x CC,2,2,virus_invivo
sars2,B7855,"7860, 7881",C x A,1,1,virus_invivo
sars2,B7859,7877,0 x A,0,1,virus_invivo
sars2,B7978,8003,0 x G,0,1,virus_invivo
sars2,B8038,"8043, 8044, 8045, 8058, 8059, 8060",CUU x UUU,3,3,virus_invivo
sars2,B863,"868, 869, 900",UA x C,2,1,virus_invivo
sars2,B868,"873, 874",AC x 0,2,0,virus_invivo
sars2,B8691,"8696, 8736, 8737, 8738",G x AUA,1,3,virus_invivo
sars2,B8694,"8699, 8700, 8701, 8731, 8732, 8733",AUU x UAC,3,3,virus_invivo
sars2,B87,"92, 119",C x C,1,1,virus_invivo
sars2,B873,"892, 893",0 x UA,0,2,virus_invivo
sars2,B8861,"8866, 8875",U x U,1,1,virus_invivo
sars2,B90,95,U x 0,1,0,virus_invivo
sars2,B9043,"9048, 9049, 9050, 9051, 9052, 9073, 9074, 9075, 9076, 9077",AGCCA x CAAUG,5,5,virus_invivo
sars2,B9051,"9056, 9069",C x A,1,1,virus_invivo
sars2,B9160,"9165, 9166, 9167, 9179, 9180",CCU x UC,3,2,virus_invivo
sars2,B9355,"9360, 9361, 9362, 9384, 9385, 9386",CAC x CUU,3,3,virus_invivo
sars2,B9416,9421,U x 0,1,0,virus_invivo
sars2,B9419,"9424, 9436",A x A,1,1,virus_invivo
sars2,B944,"949, 950, 951",AUA x 0,3,0,virus_invivo
sars2,B9459,"9464, 9465, 9518, 9519",UU x UU,2,2,virus_invivo
sars2,B9464,"9469, 9514",A x A,1,1,virus_invivo
sars2,B9469,"9474, 9475, 9508, 9509",CU x UA,2,2,virus_invivo
sars2,B9473,"9478, 9503, 9504, 9505",U x UUU,1,3,virus_invivo
sars2,B9479,"9484, 9497",A x G,1,1,virus_invivo
sars2,B95,"100, 112",C x U,1,1,virus_invivo
sars2,B958,"963, 987",A x A,1,1,virus_invivo
sars2,B961,966,A x 0,1,0,virus_invivo
sars2,B9674,"9679, 9714",C x C,1,1,virus_invivo
sars2,B9679,"9684, 9685, 9707, 9708, 9709",UA x AUU,2,3,virus_invivo
sars2,B9685,"9690, 9702",U x U,1,1,virus_invivo
sars2,B9824,"9889, 9890, 9891",0 x AGC,0,3,virus_invivo
sars2,B9826,9831,U x 0,1,0,virus_invivo
sars2,B9834,"9839, 9840, 9876, 9877, 9878, 9879",AA x AUAA,2,4,virus_invivo
sars2,B9845,9850,U x 0,1,0,virus_invivo
sars2,B9848,"9853, 9864",U x C,1,1,virus_invivo
zika,B10315,"10321, 10331",A x C,1,1,virus_invivo
zika,B1039,"1045, 1064",U x U,1,1,virus_invivo
zika,B10565,"10571, 10572, 10573, 10574",AAAA x 0,4,0,virus_invivo
zika,B1130,"1136, 1176",G x A,1,1,virus_invivo
zika,B1135,"1141, 1142, 1143, 1144, 1145, 1168, 1169, 1170, 1171",GGUAA x GAUA,5,4,virus_invivo
zika,B1143,1164,0 x C,0,1,virus_invivo
zika,B167,"173, 174, 175, 176, 197, 198, 199, 200",CGUG x AAGA,4,4,virus_invivo
zika,B1724,"1730, 1731, 1732, 1733, 1787, 1788, 1789, 1790, 1791",GUCG x GCUGA,4,5,virus_invivo
zika,B1736,"1742, 1743, 1777, 1778",AG x AG,2,2,virus_invivo
zika,B1742,"1748, 1749, 1750, 1771, 1772",GAA x CG,3,2,virus_invivo
zika,B177,190,0 x A,0,1,virus_invivo
zika,B2074,"2080, 2081, 2082, 2129, 2130, 2131, 2132",AAA x AUAG,3,4,virus_invivo
zika,B2085,"2091, 2120",U x U,1,1,virus_invivo
zika,B2090,"2096, 2097, 2098, 2099, 2100, 2114, 2115",CUUGA x GA,5,2,virus_invivo
zika,B21,27,G x 0,1,0,virus_invivo
zika,B215,"221, 237",C x U,1,1,virus_invivo
zika,B2295,"2301, 2338, 2339",A x AG,1,2,virus_invivo
zika,B2302,"2308, 2327, 2328, 2329, 2330, 2331",U x UCACU,1,5,virus_invivo
zika,B2407,"2413, 2414, 2415, 2445, 2446, 2447, 2448",UAU x UGAU,3,4,virus_invivo
zika,B2417,2423,A x 0,1,0,virus_invivo
zika,B2420,"2426, 2434, 2435",U x CC,1,2,virus_invivo
zika,B2809,2815,U x 0,1,0,virus_invivo
zika,B283,289,A x 0,1,0,virus_invivo
zika,B288,"294, 319",U x C,1,1,virus_invivo
zika,B2942,"2948, 2949, 2958, 2959",CA x GA,2,2,virus_invivo
zika,B4072,4099,0 x U,0,1,virus_invivo
zika,B4075,"4081, 4095",C x A,1,1,virus_invivo
zika,B4189,"4195, 4223",A x A,1,1,virus_invivo
zika,B4193,"4199, 4200, 4201",AGU x 0,3,0,virus_invivo
zika,B4199,"4205, 4215, 4216",A x GG,1,2,virus_invivo
zika,B4389,"4395, 4396, 4397, 4398, 4486",AAAA x A,4,1,virus_invivo
zika,B4410,"4416, 4417, 4418, 4419, 4445, 4446, 4447, 4448, 4449, 4450, 4451, 4452",GAAA x GAUGAGAG,4,8,virus_invivo
zika,B4418,4440,0 x C,0,1,virus_invivo
zika,B4420,"4426, 4437",U x U,1,1,virus_invivo
zika,B4549,"4555, 4556, 4557, 4571",UUU x U,3,1,virus_invivo
zika,B4684,"4690, 4716",G x G,1,1,virus_invivo
zika,B4688,"4694, 4695, 4712",GG x G,2,1,virus_invivo
zika,B4881,"4887, 4897",A x C,1,1,virus_invivo
zika,B5,63,0 x U,0,1,virus_invivo
zika,B5298,5314,0 x A,0,1,virus_invivo
zika,B5343,"5368, 5369, 5370",0 x AAU,0,3,virus_invivo
zika,B5345,"5351, 5363, 5364, 5365",A x ACA,1,3,virus_invivo
zika,B6280,"6286, 6287",CU x 0,2,0,virus_invivo
zika,B6285,"6291, 6303",A x A,1,1,virus_invivo
zika,B663,"669, 682, 683",A x CA,1,2,virus_invivo
zika,B6844,6866,0 x A,0,1,virus_invivo
zika,B7094,"7100, 7101, 7102, 7103, 7116, 7117, 7118, 7119, 7120, 7121, 7122, 7123",UUAA x CACAAGCU,4,8,virus_invivo
zika,B7408,"7422, 7423",0 x UA,0,2,virus_invivo
zika,B7432,7452,0 x U,0,1,virus_invivo
zika,B7990,8009,0 x U,0,1,virus_invivo
zika,B8862,8878,0 x A,0,1,virus_invivo
zika,B9,58,0 x A,0,1,virus_invivo
zika,B9141,"9147, 9148, 9149, 9167, 9168, 9169",GGA x GGA,3,3,virus_invivo
zika,B9296,"9302, 9303, 9342, 9343, 9344",AA x GAA,2,3,virus_invivo
zika,B9300,"9306, 9307, 9339",AA x A,2,1,virus_invivo
zika,B9307,"9313, 9314, 9332, 9333",GA x GA,2,2,virus_invivo
zika,B9311,9317,A x 0,1,0,virus_invivo
zika,B950,"956, 957, 958, 959, 960, 971, 972",CUGAU x UA,5,2,virus_invivo
zika,B9511,"9517, 9518",UA x 0,2,0,virus_invivo
zika,B9656,9683,0 x G,0,1,virus_invivo
zika,B9661,"9667, 9677",A x A,1,1,virus_invivo
zika,B9759,"9765, 9766, 9782, 9783, 9784",AU x UUC,2,3,virus_invivo
