gene_id,loop_id,number,nuc_id,m,exp_name
sars2,L10043,"10048, 10049, 10050",UUU,3,virus_invitro
sars2,L10179,"10184, 10185, 10186, 10187, 10188, 10189, 10190, 10191, 10192",UGCACCUCU,9,virus_invitro
sars2,L10222,"10227, 10228, 10229, 10230, 10231, 10232",UCAUUC,6,virus_invitro
sars2,L10463,"10468, 10469, 10470, 10471, 10472",UUCAU,5,virus_invitro
sars2,L1058,"1063, 1064, 1065, 1066",CAAU,4,virus_invitro
sars2,L10813,"10818, 10819, 10820, 10821, 10822, 10823, 10824",CUCAAAC,7,virus_invitro
sars2,L10878,"10883, 10884, 10885, 10886, 10887, 10888",AAUGGA,6,virus_invitro
sars2,L10940,"10945, 10946, 10947",UAG,3,virus_invitro
sars2,L11100,"11105, 11106, 11107, 11108, 11109, 11110, 11111, 11112",UUUGCUAU,8,virus_invitro
sars2,L1118,"1123, 1124, 1125",AAG,3,virus_invitro
sars2,L11279,"11284, 11285, 11286, 11287, 11288",UUUGU,5,virus_invitro
sars2,L11493,"11498, 11499, 11500, 11501, 11502, 11503",UCAGGU,6,virus_invitro
sars2,L11515,"11520, 11521, 11522, 11523, 11524, 11525",UGUUUU,6,virus_invitro
sars2,L11587,"11592, 11593, 11594, 11595",UUCA,4,virus_invitro
sars2,L11632,"11637, 11638, 11639, 11640, 11641",CUUGU,5,virus_invitro
sars2,L11722,"11727, 11728, 11729, 11730, 11731, 11732",GAUAUA,6,virus_invitro
sars2,L11785,"11790, 11791, 11792, 11793, 11794, 11795",UUAAAU,6,virus_invitro
sars2,L11886,"11891, 11892, 11893, 11894, 11895, 11896, 11897",UUGCAAC,7,virus_invitro
sars2,L12256,"12261, 12262, 12263, 12264",GUAA,4,virus_invitro
sars2,L1235,"1240, 1241, 1242",UUG,3,virus_invitro
sars2,L12433,"12438, 12439, 12440, 12441",CCUU,4,virus_invitro
sars2,L12466,"12471, 12472, 12473, 12474, 12475, 12476",AACUAA,6,virus_invitro
sars2,L12611,"12616, 12617, 12618",CAA,3,virus_invitro
sars2,L12644,"12649, 12650, 12651, 12652",AACA,4,virus_invitro
sars2,L12670,"12675, 12676, 12677, 12678, 12679, 12680",UCAAAU,6,virus_invitro
sars2,L12909,"12914, 12915, 12916",ACA,3,virus_invitro
sars2,L12941,"12946, 12947, 12948, 12949",UUUA,4,virus_invitro
sars2,L12971,"12976, 12977, 12978, 12979, 12980, 12981",AAAUAG,6,virus_invitro
sars2,L12996,"13001, 13002, 13003",UUA,3,virus_invitro
sars2,L13,"18, 19, 20, 21",UCCC,4,virus_invitro
sars2,L13082,"13087, 13088, 13089, 13090",AGAU,4,virus_invitro
sars2,L13212,"13217, 13218, 13219, 13220, 13221",CAAGA,5,virus_invitro
sars2,L13381,"13386, 13387, 13388",GUA,3,virus_invitro
sars2,L13409,"13414, 13415, 13416, 13417",UGAU,4,virus_invitro
sars2,L13437,"13442, 13443, 13444, 13445",UCAG,4,virus_invitro
sars2,L13457,"13462, 13463, 13464, 13465",UUUA,4,virus_invitro
sars2,L13511,"13516, 13517, 13518, 13519",ACUA,4,virus_invitro
sars2,L13605,"13610, 13611, 13612, 13613, 13614, 13615, 13616",AAGAAAA,7,virus_invitro
sars2,L13658,"13663, 13664, 13665, 13666, 13667, 13668, 13669",CACACUU,7,virus_invitro
sars2,L13769,"13774, 13775, 13776, 13777, 13778, 13779, 13780",CCACAUA,7,virus_invitro
sars2,L13826,"13831, 13832, 13833, 13834",UUAA,4,virus_invitro
sars2,L14093,"14098, 14099, 14100",GGU,3,virus_invitro
sars2,L14201,"14206, 14207, 14208, 14209, 14210",CAUGU,5,virus_invitro
sars2,L14272,"14277, 14278, 14279, 14280, 14281, 14282, 14283",GUUAAAA,7,virus_invitro
sars2,L14403,"14408, 14409, 14410, 14411, 14412, 14413",CUACAA,6,virus_invitro
sars2,L14457,"14462, 14463, 14464, 14465, 14466, 14467",UAGUUU,6,virus_invitro
sars2,L14501,"14506, 14507, 14508, 14509, 14510, 14511, 14512",AAUCAGG,7,virus_invitro
sars2,L1452,"1457, 1458, 1459",CGU,3,virus_invitro
sars2,L14543,"14548, 14549, 14550, 14551, 14552, 14553",GAAUUA,6,virus_invitro
sars2,L14593,"14598, 14599, 14600, 14601",UCUA,4,virus_invitro
sars2,L14737,"14742, 14743, 14744, 14745",UGUU,4,virus_invitro
sars2,L14781,"14786, 14787, 14788, 14789",CUAU,4,virus_invitro
sars2,L14798,"14803, 14804, 14805, 14806, 14807, 14808, 14809",UACUAUC,7,virus_invitro
sars2,L14954,"14959, 14960, 14961",AAU,3,virus_invitro
sars2,L15105,"15110, 15111, 15112, 15113",UAGC,4,virus_invitro
sars2,L1525,"1530, 1531, 1532",AUU,3,virus_invitro
sars2,L15271,"15276, 15277, 15278, 15279, 15280, 15281, 15282, 15283, 15284",UCACCUUAU,9,virus_invitro
sars2,L15289,"15294, 15295, 15296",UUA,3,virus_invitro
sars2,L15319,"15324, 15325, 15326, 15327, 15328",CAUGC,5,virus_invitro
sars2,L15394,"15399, 15400, 15401, 15402, 15403",UAGAU,5,virus_invitro
sars2,L15499,"15504, 15505, 15506, 15507",UUAU,4,virus_invitro
sars2,L15528,"15533, 15534, 15535, 15536, 15537, 15538, 15539, 15540, 15541, 15542",AAGCUGUCAC,10,virus_invitro
sars2,L15588,"15593, 15594, 15595, 15596",AGUA,4,virus_invitro
sars2,L15632,"15637, 15638, 15639, 15640",AGAA,4,virus_invitro
sars2,L15677,"15682, 15683, 15684, 15685",UAUU,4,virus_invitro
sars2,L15732,"15737, 15738, 15739, 15740, 15741",UCAAU,5,virus_invitro
sars2,L15780,"15785, 15786, 15787, 15788, 15789, 15790, 15791",UUAAGUC,7,virus_invitro
sars2,L15806,"15811, 15812, 15813",AAU,3,virus_invitro
sars2,L15851,"15856, 15857, 15858, 15859",ACUA,4,virus_invitro
sars2,L15971,"15976, 15977, 15978",GAU,3,virus_invitro
sars2,L16134,"16139, 16140, 16141",UAG,3,virus_invitro
sars2,L16227,"16232, 16233, 16234",UAC,3,virus_invitro
sars2,L16405,"16410, 16411, 16412, 16413",AGAU,4,virus_invitro
sars2,L1647,"1652, 1653, 1654",AUU,3,virus_invitro
sars2,L16533,"16538, 16539, 16540, 16541",AUAA,4,virus_invitro
sars2,L16664,"16669, 16670, 16671, 16672, 16673, 16674, 16675",UUUAAAC,7,virus_invitro
sars2,L16787,"16792, 16793, 16794",CGU,3,virus_invitro
sars2,L16832,"16837, 16838, 16839",GAA,3,virus_invitro
sars2,L16956,"16961, 16962, 16963, 16964, 16965, 16966, 16967",CACAAGA,7,virus_invitro
sars2,L17076,"17081, 17082, 17083, 17084, 17085",GACCA,5,virus_invitro
sars2,L1715,"1720, 1721, 1722, 1723",UGCU,4,virus_invitro
sars2,L17159,"17164, 17165, 17166, 17167, 17168, 17169",UCUCAU,6,virus_invitro
sars2,L17195,"17200, 17201, 17202, 17203, 17204, 17205, 17206, 17207, 17208, 17209",UUAAAAUAUU,10,virus_invitro
sars2,L17242,"17247, 17248, 17249, 17250",UGCU,4,virus_invitro
sars2,L17271,"17276, 17277, 17278",AAG,3,virus_invitro
sars2,L17298,"17303, 17304, 17305, 17306, 17307",UCUUU,5,virus_invitro
sars2,L17410,"17415, 17416, 17417",UAA,3,virus_invitro
sars2,L1746,"1751, 1752, 1753, 1754, 1755, 1756, 1757, 1758",UAUAAAGC,8,virus_invitro
sars2,L17519,"17524, 17525, 17526, 17527, 17528",AAAAC,5,virus_invitro
sars2,L17543,"17548, 17549, 17550, 17551",CUCG,4,virus_invitro
sars2,L17603,"17608, 17609, 17610, 17611",GAUA,4,virus_invitro
sars2,L17757,"17762, 17763, 17764, 17765",CUGU,4,virus_invitro
sars2,L17803,"17808, 17809, 17810",GAU,3,virus_invitro
sars2,L17858,"17863, 17864, 17865",UAU,3,virus_invitro
sars2,L1786,"1791, 1792, 1793, 1794",UUAA,4,virus_invitro
sars2,L17942,"17947, 17948, 17949, 17950",GGCA,4,virus_invitro
sars2,L17963,"17968, 17969, 17970, 17971, 17972",GAUAG,5,virus_invitro
sars2,L18014,"18019, 18020, 18021, 18022",AGGA,4,virus_invitro
sars2,L18124,"18129, 18130, 18131, 18132, 18133, 18134, 18135, 18136",CACUAAAU,8,virus_invitro
sars2,L18200,"18205, 18206, 18207, 18208, 18209",UCUAU,5,virus_invitro
sars2,L18283,"18288, 18289, 18290, 18291",ACGU,4,virus_invitro
sars2,L18342,"18347, 18348, 18349, 18350, 18351, 18352",CCAAUU,6,virus_invitro
sars2,L18394,"18399, 18400, 18401, 18402",ACCU,4,virus_invitro
sars2,L18447,"18452, 18453, 18454, 18455, 18456, 18457",CUAAAC,6,virus_invitro
sars2,L18502,"18507, 18508, 18509, 18510",ACUU,4,virus_invitro
sars2,L18549,"18554, 18555, 18556",ACA,3,virus_invitro
sars2,L18588,"18593, 18594, 18595",UAU,3,virus_invitro
sars2,L1865,"1870, 1871, 1872, 1873",AUUU,4,virus_invitro
sars2,L18662,"18667, 18668, 18669, 18670, 18671",UGUGA,5,virus_invitro
sars2,L18737,"18742, 18743, 18744",UAC,3,virus_invitro
sars2,L18854,"18859, 18860, 18861",GCA,3,virus_invitro
sars2,L18892,"18897, 18898, 18899, 18900",UGUU,4,virus_invitro
sars2,L18975,"18980, 18981, 18982, 18983, 18984",ACAUG,5,virus_invitro
sars2,L19006,"19011, 19012, 19013, 19014, 19015",CAAAU,5,virus_invitro
sars2,L19127,"19132, 19133, 19134, 19135, 19136, 19137",GAAUUA,6,virus_invitro
sars2,L19202,"19207, 19208, 19209, 19210",GAUA,4,virus_invitro
sars2,L19297,"19302, 19303, 19304, 19305, 19306, 19307",AAAUAA,6,virus_invitro
sars2,L19346,"19351, 19352, 19353, 19354, 19355, 19356, 19357",AAUUUAA,7,virus_invitro
sars2,L19390,"19395, 19396, 19397, 19398, 19399, 19400, 19401",UGAGUCU,7,virus_invitro
sars2,L19454,"19459, 19460, 19461",AUA,3,virus_invitro
sars2,L195,"200, 201, 202, 203, 204, 205",UUUCGU,6,virus_invitro
sars2,L19512,"19517, 19518, 19519",UGU,3,virus_invitro
sars2,L19712,"19717, 19718, 19719, 19720, 19721, 19722",ACAAAA,6,virus_invitro
sars2,L19834,"19839, 19840, 19841, 19842",UAAU,4,virus_invitro
sars2,L19928,"19933, 19934, 19935, 19936, 19937",ACUGA,5,virus_invitro
sars2,L19979,"19984, 19985, 19986, 19987, 19988, 19989",UUUUUU,6,virus_invitro
sars2,L20027,"20032, 20033, 20034, 20035, 20036, 20037",CGUAAU,6,virus_invitro
sars2,L20047,"20052, 20053, 20054, 20055, 20056",AGAAG,5,virus_invitro
sars2,L20106,"20111, 20112, 20113, 20114, 20115, 20116",GAGUCA,6,virus_invitro
sars2,L20215,"20220, 20221, 20222, 20223",ACAA,4,virus_invitro
sars2,L20303,"20308, 20309, 20310",UAU,3,virus_invitro
sars2,L20355,"20360, 20361, 20362, 20363, 20364",GUUUA,5,virus_invitro
sars2,L20406,"20411, 20412, 20413",AAU,3,virus_invitro
sars2,L20633,"20638, 20639, 20640",ACA,3,virus_invitro
sars2,L20673,"20678, 20679, 20680, 20681, 20682",CGGGU,5,virus_invitro
sars2,L20846,"20851, 20852, 20853, 20854, 20855, 20856",AUGAGA,6,virus_invitro
sars2,L20923,"20928, 20929, 20930, 20931",UACG,4,virus_invitro
sars2,L21026,"21031, 21032, 21033, 21034",GAUC,4,virus_invitro
sars2,L21089,"21094, 21095, 21096, 21097",AAAG,4,virus_invitro
sars2,L21178,"21183, 21184, 21185",UUG,3,virus_invitro
sars2,L21411,"21416, 21417, 21418",AAU,3,virus_invitro
sars2,L21456,"21461, 21462, 21463, 21464, 21465, 21466",AUGAUA,6,virus_invitro
sars2,L2154,"2159, 2160, 2161, 2162, 2163, 2164",GAAGAG,6,virus_invitro
sars2,L21557,"21562, 21563, 21564",AAU,3,virus_invitro
sars2,L21699,"21704, 21705, 21706, 21707, 21708, 21709, 21710, 21711",UUACAUUC,8,virus_invitro
sars2,L21758,"21763, 21764, 21765, 21766, 21767, 21768, 21769",UAUACAU,7,virus_invitro
sars2,L21815,"21820, 21821, 21822, 21823",UAAU,4,virus_invitro
sars2,L21839,"21844, 21845, 21846, 21847, 21848, 21849",CACUGA,6,virus_invitro
sars2,L21883,"21888, 21889, 21890",CUU,3,virus_invitro
sars2,L22005,"22010, 22011, 22012, 22013",AAAA,4,virus_invitro
sars2,L22048,"22053, 22054, 22055, 22056",AUAA,4,virus_invitro
sars2,L2205,"2210, 2211, 2212, 2213",GUUA,4,virus_invitro
sars2,L22186,"22191, 22192, 22193, 22194, 22195, 22196",UUAAUU,6,virus_invitro
sars2,L22239,"22244, 22245, 22246, 22247",GAUU,4,virus_invitro
sars2,L22287,"22292, 22293, 22294, 22295, 22296, 22297",UUACAU,6,virus_invitro
sars2,L22353,"22358, 22359, 22360",UAU,3,virus_invitro
sars2,L22389,"22394, 22395, 22396, 22397, 22398",AAAUA,5,virus_invitro
sars2,L22445,"22450, 22451, 22452",CUC,3,virus_invitro
sars2,L22581,"22586, 22587, 22588",UUU,3,virus_invitro
sars2,L22638,"22643, 22644, 22645",UGU,3,virus_invitro
sars2,L22686,"22691, 22692, 22693, 22694",UUUA,4,virus_invitro
sars2,L22736,"22741, 22742, 22743, 22744",UAAU,4,virus_invitro
sars2,L22795,"22800, 22801, 22802, 22803, 22804, 22805",GGCAAA,6,virus_invitro
sars2,L2285,"2290, 2291, 2292, 2293",UCAG,4,virus_invitro
sars2,L22853,"22858, 22859, 22860, 22861, 22862",CGUUA,5,virus_invitro
sars2,L22882,"22887, 22888, 22889, 22890",AUUC,4,virus_invitro
sars2,L22944,"22949, 22950, 22951",CCU,3,virus_invitro
sars2,L23056,"23061, 23062, 23063, 23064",CUAA,4,virus_invitro
sars2,L23185,"23190, 23191, 23192, 23193, 23194",UCAAU,5,virus_invitro
sars2,L23290,"23295, 23296, 23297",AUC,3,virus_invitro
sars2,L233,"238, 239, 240, 241, 242, 243",UUUCGU,6,virus_invitro
sars2,L23307,"23312, 23313, 23314",AUU,3,virus_invitro
sars2,L23318,"23323, 23324, 23325, 23326, 23327, 23328",UACACC,6,virus_invitro
sars2,L23371,"23376, 23377, 23378, 23379, 23380, 23381",CUAACC,6,virus_invitro
sars2,L2341,"2346, 2347, 2348, 2349",UUAU,4,virus_invitro
sars2,L23534,"23539, 23540, 23541, 23542",AUAU,4,virus_invitro
sars2,L23562,"23567, 23568, 23569, 23570, 23571, 23572",GGUAUA,6,virus_invitro
sars2,L23748,"23753, 23754, 23755, 23756, 23757, 23758, 23759",AUGACCA,7,virus_invitro
sars2,L23774,"23779, 23780, 23781",AAU,3,virus_invitro
sars2,L23810,"23815, 23816, 23817, 23818",UCUU,4,virus_invitro
sars2,L23938,"23943, 23944, 23945, 23946, 23947, 23948, 23949, 23950, 23951",UUAAAGAUU,9,virus_invitro
sars2,L24017,"24022, 24023, 24024, 24025, 24026",UCUAC,5,virus_invitro
sars2,L24061,"24066, 24067, 24068, 24069, 24070, 24071, 24072",AACAAUA,7,virus_invitro
sars2,L24254,"24259, 24260, 24261",UAU,3,virus_invitro
sars2,L24306,"24311, 24312, 24313",UAU,3,virus_invitro
sars2,L24396,"24401, 24402, 24403, 24404",AAAC,4,virus_invitro
sars2,L24513,"24518, 24519, 24520",AAA,3,virus_invitro
sars2,L24560,"24565, 24566, 24567, 24568",UCAA,4,virus_invitro
sars2,L24670,"24675, 24676, 24677, 24678, 24679, 24680",AAAGAG,6,virus_invitro
sars2,L24728,"24733, 24734, 24735, 24736",UCAU,4,virus_invitro
sars2,L2475,"2480, 2481, 2482, 2483, 2484, 2485",AUUAUC,6,virus_invitro
sars2,L24826,"24831, 24832, 24833, 24834, 24835",CUCGU,5,virus_invitro
sars2,L24877,"24882, 24883, 24884, 24885",GGAA,4,virus_invitro
sars2,L24947,"24952, 24953, 24954, 24955",AGGA,4,virus_invitro
sars2,L24989,"24994, 24995, 24996, 24997, 24998, 24999, 25000",AUUAGAC,7,virus_invitro
sars2,L2503,"2508, 2509, 2510, 2511, 2512",CCACA,5,virus_invitro
sars2,L25040,"25045, 25046, 25047, 25048",ACCA,4,virus_invitro
sars2,L251,"256, 257, 258, 259",GAAA,4,virus_invitro
sars2,L25116,"25121, 25122, 25123",AAU,3,virus_invitro
sars2,L25136,"25141, 25142, 25143, 25144",AAAU,4,virus_invitro
sars2,L25161,"25166, 25167, 25168, 25169",GAAC,4,virus_invitro
sars2,L25197,"25202, 25203, 25204, 25205, 25206, 25207, 25208, 25209, 25210",UGGUACAUU,9,virus_invitro
sars2,L25238,"25243, 25244, 25245, 25246",AGUA,4,virus_invitro
sars2,L25296,"25301, 25302, 25303, 25304",UGUU,4,virus_invitro
sars2,L25345,"25350, 25351, 25352, 25353",CAGU,4,virus_invitro
sars2,L25387,"25392, 25393, 25394",UAU,3,virus_invitro
sars2,L25453,"25458, 25459, 25460, 25461, 25462, 25463",UGCUAC,6,virus_invitro
sars2,L25512,"25517, 25518, 25519, 25520, 25521",CUUUC,5,virus_invitro
sars2,L25551,"25556, 25557, 25558, 25559, 25560",UUUUU,5,virus_invitro
sars2,L25739,"25744, 25745, 25746, 25747",AUAA,4,virus_invitro
sars2,L2580,"2585, 2586, 2587, 2588, 2589",GUUGA,5,virus_invitro
sars2,L25860,"25865, 25866, 25867, 25868, 25869",UACCU,5,virus_invitro
sars2,L25898,"25903, 25904, 25905",UCA,3,virus_invitro
sars2,L25942,"25947, 25948, 25949",GAU,3,virus_invitro
sars2,L25990,"25995, 25996, 25997, 25998, 25999, 26000",UGUAUU,6,virus_invitro
sars2,L26037,"26042, 26043, 26044, 26045, 26046",CUCAA,5,virus_invitro
sars2,L26090,"26095, 26096, 26097",AAA,3,virus_invitro
sars2,L26162,"26167, 26168, 26169, 26170",GUAA,4,virus_invitro
sars2,L2623,"2628, 2629, 2630, 2631, 2632, 2633, 2634",UUAUGUU,7,virus_invitro
sars2,L26235,"26240, 26241, 26242, 26243, 26244, 26245",AACUUA,6,virus_invitro
sars2,L26276,"26281, 26282, 26283, 26284, 26285, 26286, 26287, 26288",AUAGUUAA,8,virus_invitro
sars2,L26399,"26404, 26405, 26406, 26407, 26408, 26409",CCUUCU,6,virus_invitro
sars2,L26477,"26482, 26483, 26484, 26485, 26486, 26487, 26488, 26489",AUAUUAUA,8,virus_invitro
sars2,L26537,"26542, 26543, 26544, 26545",CUAU,4,virus_invitro
sars2,L26557,"26562, 26563, 26564",AAA,3,virus_invitro
sars2,L26584,"26589, 26590, 26591, 26592",GUAA,4,virus_invitro
sars2,L26638,"26643, 26644, 26645, 26646",AACA,4,virus_invitro
sars2,L26686,"26691, 26692, 26693",UUA,3,virus_invitro
sars2,L26795,"26800, 26801, 26802",UCA,3,virus_invitro
sars2,L26887,"26892, 26893, 26894, 26895, 26896",CUCCA,5,virus_invitro
sars2,L26951,"26956, 26957, 26958, 26959, 26960",UUCGU,5,virus_invitro
sars2,L27200,"27205, 27206, 27207",UUU,3,virus_invitro
sars2,L2727,"2732, 2733, 2734, 2735",GUUA,4,virus_invitro
sars2,L27272,"27277, 27278, 27279, 27280",AUUU,4,virus_invitro
sars2,L27287,"27292, 27293, 27294",UAC,3,virus_invitro
sars2,L27338,"27343, 27344, 27345, 27346",AAAU,4,virus_invitro
sars2,L27427,"27432, 27433, 27434, 27435, 27436",UACUU,5,virus_invitro
sars2,L27469,"27474, 27475, 27476, 27477",AACA,4,virus_invitro
sars2,L27501,"27506, 27507, 27508, 27509, 27510",GAACA,5,virus_invitro
sars2,L27570,"27575, 27576, 27577, 27578, 27579, 27580, 27581",CUCAAUU,7,virus_invitro
sars2,L27601,"27606, 27607, 27608, 27609, 27610",AAAAC,5,virus_invitro
sars2,L27636,"27641, 27642, 27643, 27644, 27645",CACCU,5,virus_invitro
sars2,L27715,"27720, 27721, 27722",UAU,3,virus_invitro
sars2,L2776,"2781, 2782, 2783, 2784, 2785, 2786, 2787",UGAAUAU,7,virus_invitro
sars2,L27841,"27846, 27847, 27848, 27849, 27850, 27851",UCACUU,6,virus_invitro
sars2,L27937,"27942, 27943, 27944, 27945, 27946, 27947",CACCAA,6,virus_invitro
sars2,L27977,"27982, 27983, 27984, 27985, 27986, 27987, 27988, 27989",CAUAUGUA,8,virus_invitro
sars2,L28020,"28025, 28026, 28027, 28028, 28029, 28030, 28031, 28032",AUGGUAUA,8,virus_invitro
sars2,L28088,"28093, 28094, 28095",CUA,3,virus_invitro
sars2,L28130,"28135, 28136, 28137, 28138",UUUC,4,virus_invitro
sars2,L28191,"28196, 28197, 28198, 28199, 28200",UUGUU,5,virus_invitro
sars2,L2820,"2825, 2826, 2827, 2828, 2829, 2830",AAUGAG,6,virus_invitro
sars2,L28246,"28251, 28252, 28253",UUC,3,virus_invitro
sars2,L28304,"28309, 28310, 28311, 28312, 28313",ACCCC,5,virus_invitro
sars2,L28378,"28383, 28384, 28385, 28386, 28387, 28388, 28389, 28390, 28391",CAAAACAAC,9,virus_invitro
sars2,L28545,"28550, 28551, 28552, 28553, 28554",CGAAU,5,virus_invitro
sars2,L2858,"2863, 2864, 2865, 2866",AGAA,4,virus_invitro
sars2,L28595,"28600, 28601, 28602, 28603",UUUC,4,virus_invitro
sars2,L28644,"28649, 28650, 28651, 28652, 28653, 28654, 28655, 28656, 28657",AACAAAGAC,9,virus_invitro
sars2,L28806,"28811, 28812, 28813, 28814, 28815, 28816",AGUCAA,6,virus_invitro
sars2,L28881,"28886, 28887, 28888",ACU,3,virus_invitro
sars2,L28914,"28919, 28920, 28921",GAU,3,virus_invitro
sars2,L29033,"29038, 29039, 29040",UAA,3,virus_invitro
sars2,L29147,"29152, 29153, 29154, 29155, 29156, 29157, 29158, 29159",ACAAGGAA,8,virus_invitro
sars2,L29181,"29186, 29187, 29188, 29189",GCAC,4,virus_invitro
sars2,L29211,"29216, 29217, 29218, 29219",UUCG,4,virus_invitro
sars2,L29289,"29294, 29295, 29296, 29297, 29298, 29299, 29300",GACAAAG,7,virus_invitro
sars2,L29327,"29332, 29333, 29334, 29335, 29336",GAAUA,5,virus_invitro
sars2,L29436,"29441, 29442, 29443, 29444",CAAA,4,virus_invitro
sars2,L29471,"29476, 29477, 29478, 29479, 29480, 29481, 29482",UGAUUUC,7,virus_invitro
sars2,L29513,"29518, 29519, 29520, 29521, 29522, 29523",CUCAAC,6,virus_invitro
sars2,L29575,"29580, 29581, 29582, 29583, 29584, 29585",CUUUUC,6,virus_invitro
sars2,L29614,"29619, 29620, 29621, 29622",UGAA,4,virus_invitro
sars2,L29636,"29641, 29642, 29643, 29644",ACAA,4,virus_invitro
sars2,L29774,"29779, 29780, 29781, 29782, 29783, 29784, 29785, 29786",GAGAGCUG,8,virus_invitro
sars2,L3040,"3045, 3046, 3047, 3048, 3049",CAGAU,5,virus_invitro
sars2,L3169,"3174, 3175, 3176, 3177, 3178, 3179, 3180, 3181",AACCUGAA,8,virus_invitro
sars2,L320,"325, 326, 327",UUU,3,virus_invitro
sars2,L3292,"3297, 3298, 3299, 3300, 3301",AAUUA,5,virus_invitro
sars2,L3330,"3335, 3336, 3337, 3338, 3339, 3340",GAAGUG,6,virus_invitro
sars2,L3381,"3386, 3387, 3388",AAA,3,virus_invitro
sars2,L3434,"3439, 3440, 3441, 3442",UAAU,4,virus_invitro
sars2,L3485,"3490, 3491, 3492, 3493",AAAU,4,virus_invitro
sars2,L3551,"3556, 3557, 3558",UAA,3,virus_invitro
sars2,L3666,"3671, 3672, 3673, 3674, 3675, 3676, 3677, 3678, 3679, 3680",GAAAAUUUUA,10,virus_invitro
sars2,L3710,"3715, 3716, 3717, 3718",AGCU,4,virus_invitro
sars2,L3833,"3838, 3839, 3840, 3841, 3842, 3843",GGAAAU,6,virus_invitro
sars2,L4049,"4054, 4055, 4056, 4057, 4058, 4059",UCAUCC,6,virus_invitro
sars2,L4096,"4101, 4102, 4103",UAA,3,virus_invitro
sars2,L4114,"4119, 4120, 4121, 4122, 4123",AUAUA,5,virus_invitro
sars2,L4167,"4172, 4173, 4174, 4175, 4176, 4177, 4178",ACUAAAA,7,virus_invitro
sars2,L4199,"4204, 4205, 4206, 4207, 4208, 4209",AGCGAA,6,virus_invitro
sars2,L4250,"4255, 4256, 4257, 4258, 4259, 4260",GGGUCA,6,virus_invitro
sars2,L4287,"4292, 4293, 4294, 4295, 4296, 4297, 4298",AAGACAG,7,virus_invitro
sars2,L4313,"4318, 4319, 4320",UGC,3,virus_invitro
sars2,L439,"444, 445, 446",UUU,3,virus_invitro
sars2,L4390,"4395, 4396, 4397, 4398, 4399",AAAUG,5,virus_invitro
sars2,L4447,"4452, 4453, 4454, 4455, 4456, 4457",AAGCCA,6,virus_invitro
sars2,L45,"50, 51, 52, 53, 54",CUUGU,5,virus_invitro
sars2,L4531,"4536, 4537, 4538, 4539, 4540, 4541, 4542, 4543",UUUACACC,8,virus_invitro
sars2,L4619,"4624, 4625, 4626",AAC,3,virus_invitro
sars2,L4661,"4666, 4667, 4668, 4669",AUCU,4,virus_invitro
sars2,L4866,"4871, 4872, 4873",UAU,3,virus_invitro
sars2,L4879,"4884, 4885, 4886, 4887",AUCC,4,virus_invitro
sars2,L4897,"4902, 4903, 4904, 4905, 4906",UAGAU,5,virus_invitro
sars2,L4943,"4948, 4949, 4950",UUU,3,virus_invitro
sars2,L4976,"4981, 4982, 4983, 4984",AACA,4,virus_invitro
sars2,L5050,"5055, 5056, 5057, 5058, 5059",CUUAU,5,virus_invitro
sars2,L510,"515, 516, 517",GUU,3,virus_invitro
sars2,L5113,"5118, 5119, 5120",UUU,3,virus_invitro
sars2,L5138,"5143, 5144, 5145, 5146, 5147",UCUAC,5,virus_invitro
sars2,L5220,"5225, 5226, 5227, 5228",AAAA,4,virus_invitro
sars2,L5249,"5254, 5255, 5256, 5257, 5258, 5259, 5260, 5261",UUUAACUU,8,virus_invitro
sars2,L5277,"5282, 5283, 5284, 5285",AACU,4,virus_invitro
sars2,L5356,"5361, 5362, 5363, 5364, 5365, 5366",AUUACA,6,virus_invitro
sars2,L5415,"5420, 5421, 5422, 5423, 5424, 5425",AAUAAG,6,virus_invitro
sars2,L5491,"5496, 5497, 5498, 5499",GCAA,4,virus_invitro
sars2,L5545,"5550, 5551, 5552, 5553",UUAA,4,virus_invitro
sars2,L5588,"5593, 5594, 5595, 5596, 5597, 5598, 5599, 5600, 5601",UGAACAAUU,9,virus_invitro
sars2,L5631,"5636, 5637, 5638, 5639, 5640, 5641",AAACAA,6,virus_invitro
sars2,L5748,"5753, 5754, 5755, 5756",AAUU,4,virus_invitro
sars2,L5816,"5821, 5822, 5823, 5824, 5825, 5826",ACUUAC,6,virus_invitro
sars2,L586,"591, 592, 593, 594, 595, 596, 597",CUCAUGU,7,virus_invitro
sars2,L5863,"5868, 5869, 5870, 5871",ACAA,4,virus_invitro
sars2,L5901,"5906, 5907, 5908, 5909, 5910, 5911, 5912",ACUUAUA,7,virus_invitro
sars2,L5966,"5971, 5972, 5973, 5974, 5975, 5976",AGACAA,6,virus_invitro
sars2,L6133,"6138, 6139, 6140, 6141, 6142, 6143, 6144, 6145, 6146, 6147",CAUUUUUCCC,10,virus_invitro
sars2,L6170,"6175, 6176, 6177, 6178, 6179",UGAUU,5,virus_invitro
sars2,L6198,"6203, 6204, 6205",AAG,3,virus_invitro
sars2,L6276,"6281, 6282, 6283, 6284, 6285, 6286",AAUACC,6,virus_invitro
sars2,L6329,"6334, 6335, 6336, 6337",UUCG,4,virus_invitro
sars2,L6661,"6666, 6667, 6668, 6669",CUUG,4,virus_invitro
sars2,L6739,"6744, 6745, 6746, 6747, 6748, 6749",GUUUAA,6,virus_invitro
sars2,L6807,"6812, 6813, 6814",ACU,3,virus_invitro
sars2,L6858,"6863, 6864, 6865, 6866, 6867, 6868, 6869, 6870",AAGAAUAC,8,virus_invitro
sars2,L686,"691, 692, 693, 694",AUUU,4,virus_invitro
sars2,L6903,"6908, 6909, 6910, 6911, 6912, 6913, 6914, 6915, 6916, 6917",UUUAAUUAUU,10,virus_invitro
sars2,L6985,"6990, 6991, 6992, 6993",CUUU,4,virus_invitro
sars2,L7027,"7032, 7033, 7034",AUU,3,virus_invitro
sars2,L7051,"7056, 7057, 7058, 7059, 7060",CUGGU,5,virus_invitro
sars2,L7201,"7206, 7207, 7208, 7209, 7210, 7211",UUAAAU,6,virus_invitro
sars2,L7482,"7487, 7488, 7489, 7490, 7491, 7492, 7493",ACUUGUA,7,virus_invitro
sars2,L7572,"7577, 7578, 7579, 7580",GCUA,4,virus_invitro
sars2,L7608,"7613, 7614, 7615, 7616",UGGA,4,virus_invitro
sars2,L7668,"7673, 7674, 7675, 7676, 7677, 7678",GCGAGA,6,virus_invitro
sars2,L7692,"7697, 7698, 7699",AAA,3,virus_invitro
sars2,L7757,"7762, 7763, 7764, 7765, 7766, 7767",UUCCAU,6,virus_invitro
sars2,L781,"786, 787, 788, 789",UGCG,4,virus_invitro
sars2,L7863,"7868, 7869, 7870, 7871, 7872",UCAUU,5,virus_invitro
sars2,L7986,"7991, 7992, 7993, 7994",UUAG,4,virus_invitro
sars2,L8045,"8050, 8051, 8052, 8053",UAAU,4,virus_invitro
sars2,L8270,"8275, 8276, 8277",UAA,3,virus_invitro
sars2,L8352,"8357, 8358, 8359, 8360, 8361, 8362, 8363",CAUAUUA,7,virus_invitro
sars2,L838,"843, 844, 845, 846, 847",CUGAU,5,virus_invitro
sars2,L8438,"8443, 8444, 8445, 8446, 8447, 8448, 8449, 8450, 8451, 8452",AAAACAAAUA,10,virus_invitro
sars2,L8592,"8597, 8598, 8599, 8600",CUUG,4,virus_invitro
sars2,L8710,"8715, 8716, 8717, 8718",CUCG,4,virus_invitro
sars2,L878,"883, 884, 885, 886",ACGU,4,virus_invitro
sars2,L8864,"8869, 8870, 8871, 8872",UUUG,4,virus_invitro
sars2,L9056,"9061, 9062, 9063, 9064",UUGU,4,virus_invitro
sars2,L910,"915, 916, 917, 918, 919, 920",AACAAC,6,virus_invitro
sars2,L9117,"9122, 9123, 9124, 9125, 9126",CGUUA,5,virus_invitro
sars2,L9137,"9142, 9143, 9144, 9145, 9146",CUCUA,5,virus_invitro
sars2,L9167,"9172, 9173, 9174",UGA,3,virus_invitro
sars2,L9289,"9294, 9295, 9296, 9297, 9298, 9299",AUUACA,6,virus_invitro
sars2,L9334,"9339, 9340, 9341, 9342, 9343, 9344",AUUUAC,6,virus_invitro
sars2,L9424,"9429, 9430, 9431",UCG,3,virus_invitro
sars2,L9484,"9489, 9490, 9491, 9492",GUCA,4,virus_invitro
sars2,L968,"973, 974, 975, 976, 977, 978",UGAAAU,6,virus_invitro
sars2,L9688,"9693, 9694, 9695, 9696, 9697, 9698, 9699",CUUAUAU,7,virus_invitro
sars2,L9771,"9776, 9777, 9778, 9779, 9780, 9781",UCCUUU,6,virus_invitro
sars2,L9852,"9857, 9858, 9859, 9860",CUAU,4,virus_invitro
sars2,L99,"104, 105, 106, 107, 108",UGCAU,5,virus_invitro
sars2,L996,"1001, 1002, 1003, 1004",GAAA,4,virus_invitro
sars2,L9990,"9995, 9996, 9997, 9998",UCAG,4,virus_invitro
zika,L10130,"10136, 10137, 10138, 10139, 10140, 10141, 10142",GACAAGA,7,virus_invitro
zika,L10204,"10210, 10211, 10212",UAU,3,virus_invitro
zika,L10336,"10342, 10343, 10344, 10345",AGGG,4,virus_invitro
zika,L10405,"10411, 10412, 10413, 10414, 10415",GGGGA,5,virus_invitro
zika,L10484,"10490, 10491, 10492, 10493, 10494, 10495, 10496, 10497, 10498",ACGGAAGAA,9,virus_invitro
zika,L10518,"10524, 10525, 10526, 10527, 10528, 10529",AGGACA,6,virus_invitro
zika,L10548,"10554, 10555, 10556, 10557",UGGA,4,virus_invitro
zika,L10575,"10581, 10582, 10583, 10584",GGCG,4,virus_invitro
zika,L1062,"1068, 1069, 1070, 1071",UUAC,4,virus_invitro
zika,L10683,"10689, 10690, 10691, 10692, 10693, 10694, 10695, 10696",AUAUUGAC,8,virus_invitro
zika,L10712,"10718, 10719, 10720",CAU,3,virus_invitro
zika,L128,"134, 135, 136, 137",GGAU,4,virus_invitro
zika,L1392,"1398, 1399, 1400, 1401, 1402, 1403, 1404",UAUCAGU,7,virus_invitro
zika,L1753,"1759, 1760, 1761, 1762",UCAC,4,virus_invitro
zika,L179,"185, 186, 187",UUG,3,virus_invitro
zika,L1961,"1967, 1968, 1969, 1970, 1971, 1972, 1973, 1974, 1975",ACAGAUGGA,9,virus_invitro
zika,L2099,"2105, 2106, 2107, 2108, 2109",CCAUU,5,virus_invitro
zika,L2214,"2220, 2221, 2222, 2223, 2224, 2225",AGAGAA,6,virus_invitro
zika,L222,"228, 229, 230",AUG,3,virus_invitro
zika,L2233,"2239, 2240, 2241, 2242, 2243, 2244, 2245, 2246",GGAUACAG,8,virus_invitro
zika,L2310,"2316, 2317, 2318, 2319",CAGC,4,virus_invitro
zika,L2423,"2429, 2430, 2431",UUG,3,virus_invitro
zika,L25,"31, 32, 33, 34",CAGU,4,virus_invitro
zika,L2534,"2540, 2541, 2542, 2543, 2544, 2545",UAUAAU,6,virus_invitro
zika,L2566,"2572, 2573, 2574, 2575",CAAG,4,virus_invitro
zika,L2652,"2658, 2659, 2660",CAA,3,virus_invitro
zika,L267,"273, 274, 275, 276, 277, 278, 279, 280",UUACAGCA,8,virus_invitro
zika,L2766,"2772, 2773, 2774, 2775",GAGG,4,virus_invitro
zika,L2814,"2820, 2821, 2822, 2823",GGAA,4,virus_invitro
zika,L2865,"2871, 2872, 2873, 2874",GUUU,4,virus_invitro
zika,L2883,"2889, 2890, 2891",ACA,3,virus_invitro
zika,L2946,"2952, 2953, 2954, 2955",GGUU,4,virus_invitro
zika,L299,"305, 306, 307, 308",AACA,4,virus_invitro
zika,L3249,"3255, 3256, 3257, 3258",ACAG,4,virus_invitro
zika,L3377,"3383, 3384, 3385",GCA,3,virus_invitro
zika,L3634,"3640, 3641, 3642, 3643, 3644, 3645, 3646, 3647, 3648, 3649",AUCAAUGGCA,10,virus_invitro
zika,L3705,"3711, 3712, 3713, 3714",UGAU,4,virus_invitro
zika,L3790,"3796, 3797, 3798",CUU,3,virus_invitro
zika,L3960,"3966, 3967, 3968",CAC,3,virus_invitro
zika,L4017,"4023, 4024, 4025, 4026, 4027",GCACA,5,virus_invitro
zika,L4081,"4087, 4088, 4089",GAA,3,virus_invitro
zika,L4270,"4276, 4277, 4278, 4279",CAAG,4,virus_invitro
zika,L4423,"4429, 4430, 4431, 4432, 4433, 4434",GCUUGA,6,virus_invitro
zika,L4462,"4468, 4469, 4470, 4471",GGUA,4,virus_invitro
zika,L452,"458, 459, 460, 461",ACUA,4,virus_invitro
zika,L4696,"4702, 4703, 4704, 4705",ACAG,4,virus_invitro
zika,L4885,"4891, 4892, 4893",UUU,3,virus_invitro
zika,L4969,"4975, 4976, 4977, 4978",AGUU,4,virus_invitro
zika,L5269,"5275, 5276, 5277, 5278",UAGG,4,virus_invitro
zika,L5301,"5307, 5308, 5309, 5310",UGAG,4,virus_invitro
zika,L5350,"5356, 5357, 5358",UUC,3,virus_invitro
zika,L549,"555, 556, 557",CAU,3,virus_invitro
zika,L5533,"5539, 5540, 5541, 5542",UUUU,4,virus_invitro
zika,L5629,"5635, 5636, 5637, 5638, 5639",GAGCU,5,virus_invitro
zika,L5743,"5749, 5750, 5751, 5752, 5753, 5754",CAUACA,6,virus_invitro
zika,L5895,"5901, 5902, 5903, 5904",UACU,4,virus_invitro
zika,L6035,"6041, 6042, 6043, 6044, 6045",GAUGA,5,virus_invitro
zika,L6065,"6071, 6072, 6073, 6074",AGAA,4,virus_invitro
zika,L6124,"6130, 6131, 6132",UGA,3,virus_invitro
zika,L6194,"6200, 6201, 6202, 6203, 6204",GAACU,5,virus_invitro
zika,L6289,"6295, 6296, 6297, 6298, 6299",CACAA,5,virus_invitro
zika,L6432,"6438, 6439, 6440, 6441",CCGC,4,virus_invitro
zika,L6539,"6545, 6546, 6547, 6548",AUGC,4,virus_invitro
zika,L6582,"6588, 6589, 6590, 6591, 6592",CCCAA,5,virus_invitro
zika,L6605,"6611, 6612, 6613, 6614, 6615, 6616, 6617, 6618, 6619",ACCAUUAUG,9,virus_invitro
zika,L6648,"6654, 6655, 6656",UCU,3,virus_invitro
zika,L6666,"6672, 6673, 6674, 6675, 6676, 6677, 6678, 6679, 6680",GGAAUAAGG,9,virus_invitro
zika,L668,"674, 675, 676, 677",UGGU,4,virus_invitro
zika,L6708,"6714, 6715, 6716",UUG,3,virus_invitro
zika,L6741,"6747, 6748, 6749, 6750, 6751, 6752, 6753, 6754",AAAUUGAA,8,virus_invitro
zika,L6849,"6855, 6856, 6857, 6858, 6859, 6860",CAAUUA,6,virus_invitro
zika,L6877,"6883, 6884, 6885",UCU,3,virus_invitro
zika,L7008,"7014, 7015, 7016, 7017, 7018, 7019",CCGCCU,6,virus_invitro
zika,L7102,"7108, 7109, 7110, 7111",GAUG,4,virus_invitro
zika,L7166,"7172, 7173, 7174, 7175, 7176, 7177",CUUGGA,6,virus_invitro
zika,L7408,"7414, 7415, 7416, 7417, 7418, 7419, 7420, 7421, 7422, 7423",ACAAGUGUUA,10,virus_invitro
zika,L8095,"8101, 8102, 8103, 8104",GUCA,4,virus_invitro
zika,L8378,"8384, 8385, 8386, 8387, 8388, 8389, 8390",AUGGAUG,7,virus_invitro
zika,L8432,"8438, 8439, 8440, 8441, 8442, 8443",GGUACA,6,virus_invitro
zika,L87,"93, 94, 95, 96",GAGA,4,virus_invitro
zika,L883,"889, 890, 891, 892",CGUU,4,virus_invitro
zika,L8865,"8871, 8872, 8873, 8874",GCAA,4,virus_invitro
zika,L8954,"8960, 8961, 8962, 8963, 8964",GUGGA,5,virus_invitro
zika,L9140,"9146, 9147, 9148",UGG,3,virus_invitro
zika,L9315,"9321, 9322, 9323, 9324, 9325, 9326",ACCAAA,6,virus_invitro
zika,L9517,"9523, 9524, 9525, 9526, 9527",GAACA,5,virus_invitro
zika,L9587,"9593, 9594, 9595, 9596",AGAU,4,virus_invitro
zika,L9612,"9618, 9619, 9620, 9621, 9622",AUAGA,5,virus_invitro
zika,L9636,"9642, 9643, 9644, 9645, 9646, 9647, 9648",GUGGAGA,7,virus_invitro
zika,L9766,"9772, 9773, 9774, 9775, 9776",AGAAG,5,virus_invitro
zika,L9877,"9883, 9884, 9885, 9886",ACCA,4,virus_invitro
zika,L9920,"9926, 9927, 9928, 9929, 9930, 9931, 9932, 9933",AAAUCAUA,8,virus_invitro
zika,L9964,"9970, 9971, 9972, 9973",AGAC,4,virus_invitro
zika,L9982,"9988, 9989, 9990, 9991",UAAU,4,virus_invitro
