gene_id,bulge_id,number,nuc_id,m,n,gene_name,exp_name
b0002,B1234,1234,A x 0,1,0,thrA,ecoli_invivo
b0002,B1237,"1237, 1256, 1257, 1258, 1259",U x CACU,1,4,thrA,ecoli_invivo
b0002,B144,"144, 169",G x G,1,1,thrA,ecoli_invivo
b0002,B147,166,0 x A,0,1,thrA,ecoli_invivo
b0002,B151,"151, 161",A x C,1,1,thrA,ecoli_invivo
b0002,B1927,"1927, 1950",A x C,1,1,thrA,ecoli_invivo
b0002,B2252,"2252, 2253, 2254, 2255",AAGA x 0,4,0,thrA,ecoli_invivo
b0002,B2363,2363,U x 0,1,0,thrA,ecoli_invivo
b0002,B2366,"2366, 2375",C x U,1,1,thrA,ecoli_invivo
b0002,B299,"299, 300, 301, 302, 303, 330, 331, 332, 333",AAAUA x GUUG,5,4,thrA,ecoli_invivo
b0002,B308,"324, 325",0 x UA,0,2,thrA,ecoli_invivo
b0002,B311,311,U x 0,1,0,thrA,ecoli_invivo
b0002,B407,422,0 x G,0,1,thrA,ecoli_invivo
b0002,B710,730,0 x A,0,1,thrA,ecoli_invivo
b0002,B716,716,A x 0,1,0,thrA,ecoli_invivo
b0008,B206,"253, 254",AU x 0,2,0,talB,ecoli_invivo
b0008,B376,423,U x 0,1,0,talB,ecoli_invivo
b0008,B541,588,U x 0,1,0,talB,ecoli_invivo
b0008,B831,878,A x 0,1,0,talB,ecoli_invivo
b0008,B838,"885, 901",G x A,1,1,talB,ecoli_invivo
b0014,B1268,"1268, 1269, 1270, 1271, 1312, 1313, 1314, 1315, 1316",GCCA x AUCCA,4,5,dnaK,ecoli_invivo
b0014,B1275,"1275, 1276, 1277, 1278, 1279, 1280",GUUCUC x 0,6,0,dnaK,ecoli_invivo
b0014,B1287,"1287, 1288, 1289",UGA x 0,3,0,dnaK,ecoli_invivo
b0014,B1648,"1684, 1685, 1686, 1687",0 x AAAA,0,4,dnaK,ecoli_invivo
b0014,B1652,"1652, 1653, 1654, 1655, 1678, 1679",AAGA x GA,4,2,dnaK,ecoli_invivo
b0014,B1659,"1659, 1674",A x G,1,1,dnaK,ecoli_invivo
b0014,B295,"295, 296, 311, 312",GG x AA,2,2,dnaK,ecoli_invivo
b0014,B392,392,U x 0,1,0,dnaK,ecoli_invivo
b0014,B432,480,0 x C,0,1,dnaK,ecoli_invivo
b0014,B436,"436, 437, 438, 439, 440, 441, 442, 443, 444, 475",UUUAACGAU x C,9,1,dnaK,ecoli_invivo
b0014,B448,"448, 449, 471",CA x A,2,1,dnaK,ecoli_invivo
b0014,B455,"455, 463, 464, 465",A x AAA,1,3,dnaK,ecoli_invivo
b0014,B521,"521, 535, 536",C x UA,1,2,dnaK,ecoli_invivo
b0014,B746,"779, 780, 781, 782",0 x AGCG,0,4,dnaK,ecoli_invivo
b0014,B752,752,A x 0,1,0,dnaK,ecoli_invivo
b0014,B755,"755, 770",U x U,1,1,dnaK,ecoli_invivo
b0015,B147,"182, 253",A x G,1,1,dnaJ,ecoli_invivo
b0015,B153,188,G x 0,1,0,dnaJ,ecoli_invivo
b0015,B157,"192, 244",G x G,1,1,dnaJ,ecoli_invivo
b0015,B184,"219, 229",G x G,1,1,dnaJ,ecoli_invivo
b0015,B407,"442, 443, 452, 453",CA x GU,2,2,dnaJ,ecoli_invivo
b0015,B53,"88, 89, 90, 91, 92, 93, 94, 95, 96, 119, 120, 121, 122, 123, 124, 125",AUGAAAUAC x ACAAAGA,9,7,dnaJ,ecoli_invivo
b0015,B632,"667, 668, 669, 670, 671, 689, 690, 691, 692, 693",GGAGA x GCGAA,5,5,dnaJ,ecoli_invivo
b0015,B67,113,0 x A,0,1,dnaJ,ecoli_invivo
b0015,B886,"921, 922, 923, 937, 938",UAA x GU,3,2,dnaJ,ecoli_invivo
b0019,B993,1024,U x 0,1,0,nhaA,ecoli_invivo
b0019,B999,"1030, 1031, 1032, 1033, 1034, 1035, 1047, 1048, 1049, 1050",UUUAUU x CUUU,6,4,nhaA,ecoli_invivo
b0026,B107,107,A x 0,1,0,ileS,ecoli_invivo
b0026,B1079,1079,A x 0,1,0,ileS,ecoli_invivo
b0026,B1362,"1379, 1380",0 x CU,0,2,ileS,ecoli_invivo
b0026,B1636,"1636, 1637",GA x 0,2,0,ileS,ecoli_invivo
b0026,B1640,1666,0 x G,0,1,ileS,ecoli_invivo
b0026,B1645,"1659, 1660",0 x UC,0,2,ileS,ecoli_invivo
b0026,B165,165,U x 0,1,0,ileS,ecoli_invivo
b0026,B1695,"1695, 1789, 1790",A x GA,1,2,ileS,ecoli_invivo
b0026,B1704,1704,C x 0,1,0,ileS,ecoli_invivo
b0026,B1750,"1750, 1751",GC x 0,2,0,ileS,ecoli_invivo
b0026,B1757,"1757, 1758, 1759, 1773, 1774",AUC x CC,3,2,ileS,ecoli_invivo
b0026,B2167,"2167, 2168, 2180, 2181",AU x AC,2,2,ileS,ecoli_invivo
b0026,B236,"236, 254",U x C,1,1,ileS,ecoli_invivo
b0026,B2404,"2404, 2405, 2406, 2407, 2408, 2409, 2410, 2411, 2425, 2426, 2427, 2428, 2429, 2430, 2431, 2432",GAAGCGAU x UGGGACGA,8,8,ileS,ecoli_invivo
b0026,B2449,"2449, 2474, 2475",G x AA,1,2,ileS,ecoli_invivo
b0026,B2452,"2452, 2453, 2470, 2471",GA x GA,2,2,ileS,ecoli_invivo
b0026,B2500,"2500, 2520",G x A,1,1,ileS,ecoli_invivo
b0026,B2504,2504,C x 0,1,0,ileS,ecoli_invivo
b0026,B2661,"2661, 2662, 2674, 2675, 2676",AG x GCG,2,3,ileS,ecoli_invivo
b0026,B304,"304, 327, 328, 329",A x AUA,1,3,ileS,ecoli_invivo
b0026,B307,"307, 308, 323, 324",GA x AA,2,2,ileS,ecoli_invivo
b0026,B415,"415, 416, 432, 433",AA x GG,2,2,ileS,ecoli_invivo
b0026,B601,"601, 602, 613, 614",GA x AA,2,2,ileS,ecoli_invivo
b0026,B844,"844, 845",AU x 0,2,0,ileS,ecoli_invivo
b0026,B875,"875, 876, 901, 902",UU x CU,2,2,ileS,ecoli_invivo
b0026,B880,"880, 897",G x G,1,1,ileS,ecoli_invivo
b0026,B96,"96, 127",G x G,1,1,ileS,ecoli_invivo
b0026,B99,"99, 124",U x C,1,1,ileS,ecoli_invivo
b0027,B15,"15, 16, 17, 18, 62, 63",CUGU x UU,4,2,lspA,ecoli_invivo
b0027,B22,"22, 58",A x C,1,1,lspA,ecoli_invivo
b0027,B244,"244, 245, 275",AU x C,2,1,lspA,ecoli_invivo
b0027,B249,"249, 250, 251, 269, 270, 271",GGC x CGA,3,3,lspA,ecoli_invivo
b0027,B25,"25, 55",G x G,1,1,lspA,ecoli_invivo
b0027,B32,48,0 x G,0,1,lspA,ecoli_invivo
b0027,B79,"79, 80, 81, 82, 120, 121, 122",AAAU x CCC,4,3,lspA,ecoli_invivo
b0027,B86,"86, 87, 115, 116",UG x AC,2,2,lspA,ecoli_invivo
b0083,B154,"154, 170, 171",A x CG,1,2,ftsL,ecoli_invivo
b0083,B197,216,0 x G,0,1,ftsL,ecoli_invivo
b0083,B259,"259, 260, 261, 262, 263, 264, 265, 266, 267, 268, 292, 293",GAAGAGAAUG x GA,10,2,ftsL,ecoli_invivo
b0083,B66,"66, 74",U x C,1,1,ftsL,ecoli_invivo
b0090,B201,"201, 202, 203, 204",AAAA x 0,4,0,murG,ecoli_invivo
b0090,B208,"208, 209, 210, 211, 212",AUAAA x 0,5,0,murG,ecoli_invivo
b0090,B48,48,U x 0,1,0,murG,ecoli_invivo
b0090,B752,"752, 753, 762, 763",AU x GG,2,2,murG,ecoli_invivo
b0090,B878,"878, 879",UA x 0,2,0,murG,ecoli_invivo
b0090,B918,"918, 935",G x A,1,1,murG,ecoli_invivo
b0090,B923,923,A x 0,1,0,murG,ecoli_invivo
b0090,B945,"945, 946, 947, 963, 964, 965",CAA x GUC,3,3,murG,ecoli_invivo
b0091,B1066,"1073, 1074",0 x AA,0,2,murC,ecoli_invivo
b0091,B1106,"1106, 1107, 1108, 1109, 1128, 1129, 1130, 1131",GCUG x AAUG,4,4,murC,ecoli_invivo
b0091,B1325,1347,0 x G,0,1,murC,ecoli_invivo
b0091,B1328,1343,0 x A,0,1,murC,ecoli_invivo
b0091,B1395,"1395, 1417",U x C,1,1,murC,ecoli_invivo
b0091,B283,"283, 284, 285, 286, 287, 306, 307",AUUGU x UA,5,2,murC,ecoli_invivo
b0091,B290,290,C x 0,1,0,murC,ecoli_invivo
b0091,B745,"745, 746, 747, 748, 749, 770, 771, 772, 773, 774",ACUUA x ACGUG,5,5,murC,ecoli_invivo
b0091,B754,"754, 765",U x U,1,1,murC,ecoli_invivo
b0096,B231,252,0 x C,0,1,lpxC,ecoli_invivo
b0096,B341,"341, 354",U x C,1,1,lpxC,ecoli_invivo
b0096,B441,"441, 442, 496, 497, 498",UA x AUU,2,3,lpxC,ecoli_invivo
b0096,B448,"448, 449, 450, 451, 490",UACA x C,4,1,lpxC,ecoli_invivo
b0096,B458,"458, 459, 480, 481, 482, 483",UU x UUUU,2,4,lpxC,ecoli_invivo
b0096,B463,"463, 476",C x U,1,1,lpxC,ecoli_invivo
b0096,B598,"598, 599, 600, 633",UAU x C,3,1,lpxC,ecoli_invivo
b0096,B612,612,U x 0,1,0,lpxC,ecoli_invivo
b0096,B695,"695, 696, 713",AA x A,2,1,lpxC,ecoli_invivo
b0096,B773,"773, 774, 793",UU x C,2,1,lpxC,ecoli_invivo
b0096,B823,823,G x 0,1,0,lpxC,ecoli_invivo
b0098,B1408,"1445, 1446, 1447, 1448, 1524, 1525, 1526",AAUU x UCG,4,3,secA,ecoli_invivo
b0098,B1414,1451,A x 0,1,0,secA,ecoli_invivo
b0098,B1420,"1457, 1458, 1459, 1460, 1461, 1462, 1463, 1464, 1509, 1510, 1511, 1512, 1513, 1514, 1515, 1516",ACGAAGCG x GACCAAUA,8,8,secA,ecoli_invivo
b0098,B1433,"1470, 1503",U x U,1,1,secA,ecoli_invivo
b0098,B1440,"1477, 1478, 1495, 1496",CA x GC,2,2,secA,ecoli_invivo
b0098,B1445,"1482, 1491",A x G,1,1,secA,ecoli_invivo
b0098,B1612,"1649, 1650, 1664, 1665, 1666, 1667, 1668, 1669",AA x AUAUCA,2,6,secA,ecoli_invivo
b0098,B2202,"2239, 2240, 2271, 2272, 2273, 2274, 2275, 2276, 2277, 2278, 2279, 2280",UA x GAUGAUGCGU,2,10,secA,ecoli_invivo
b0098,B2209,"2246, 2247, 2248, 2263, 2264, 2265",GUA x GGU,3,3,secA,ecoli_invivo
b0098,B236,"273, 274, 275, 276, 290, 291, 292, 293, 294, 295",UAUG x GCUGCA,4,6,secA,ecoli_invivo
b0098,B2438,2475,G x 0,1,0,secA,ecoli_invivo
b0098,B950,"987, 1006",A x G,1,1,secA,ecoli_invivo
b0098,B995,"1032, 1033, 1034, 1051",GCA x G,3,1,secA,ecoli_invivo
b0114,B1037,"1038, 1039",AG x 0,2,0,aceE,ecoli_invivo
b0114,B1042,1043,U x 0,1,0,aceE,ecoli_invivo
b0114,B1047,1048,G x 0,1,0,aceE,ecoli_invivo
b0114,B1051,"1052, 1075, 1076, 1077",A x GCA,1,3,aceE,ecoli_invivo
b0114,B1057,1069,0 x A,0,1,aceE,ecoli_invivo
b0114,B1167,"1168, 1169, 1170, 1183, 1184, 1185",CAU x UAC,3,3,aceE,ecoli_invivo
b0114,B1356,1357,C x 0,1,0,aceE,ecoli_invivo
b0114,B2444,2445,C x 0,1,0,aceE,ecoli_invivo
b0114,B2449,2466,0 x C,0,1,aceE,ecoli_invivo
b0114,B2485,2499,0 x C,0,1,aceE,ecoli_invivo
b0114,B400,"401, 402, 428",GC x A,2,1,aceE,ecoli_invivo
b0114,B405,"406, 407",GA x 0,2,0,aceE,ecoli_invivo
b0114,B45,"46, 47",GA x 0,2,0,aceE,ecoli_invivo
b0114,B712,"713, 757, 758, 759",A x AAC,1,3,aceE,ecoli_invivo
b0114,B718,"719, 720, 742, 743, 744, 745, 746, 747, 748, 749, 750, 751",AA x CGUGAAAAAC,2,10,aceE,ecoli_invivo
b0114,B723,738,0 x U,0,1,aceE,ecoli_invivo
b0114,B909,910,C x 0,1,0,aceE,ecoli_invivo
b0115,B1076,"1076, 1077, 1078, 1079, 1080, 1081, 1082, 1083, 1084, 1085, 1105, 1106, 1107, 1108, 1109, 1110",AAGACGUUCA x AUCAAA,10,6,aceF,ecoli_invivo
b0115,B1134,"1134, 1135, 1136, 1157",GAC x U,3,1,aceF,ecoli_invivo
b0115,B1139,"1139, 1154",G x G,1,1,aceF,ecoli_invivo
b0115,B1143,1143,U x 0,1,0,aceF,ecoli_invivo
b0115,B1258,"1273, 1274, 1275",0 x CAU,0,3,aceF,ecoli_invivo
b0115,B1353,"1353, 1354, 1355",UAA x 0,3,0,aceF,ecoli_invivo
b0115,B1359,"1359, 1360, 1392, 1393, 1394",GG x GAA,2,3,aceF,ecoli_invivo
b0115,B1364,1388,0 x U,0,1,aceF,ecoli_invivo
b0115,B1371,"1371, 1380",C x U,1,1,aceF,ecoli_invivo
b0115,B1507,"1507, 1508, 1526",CC x C,2,1,aceF,ecoli_invivo
b0115,B157,"190, 191, 192",0 x AAA,0,3,aceF,ecoli_invivo
b0115,B165,181,0 x G,0,1,aceF,ecoli_invivo
b0115,B481,"481, 482, 519, 520, 521, 522, 523, 524",AA x GAUUAU,2,6,aceF,ecoli_invivo
b0115,B496,507,0 x U,0,1,aceF,ecoli_invivo
b0115,B801,"801, 802, 803, 814, 815, 816",UAA x GGC,3,3,aceF,ecoli_invivo
b0116,B291,302,0 x U,0,1,lpd,ecoli_invivo
b0116,B386,"386, 410",G x A,1,1,lpd,ecoli_invivo
b0116,B390,"390, 391, 405, 406",GA x GA,2,2,lpd,ecoli_invivo
b0116,B484,"484, 485, 486, 497, 498, 499",AUC x CUG,3,3,lpd,ecoli_invivo
b0116,B509,"509, 522",A x A,1,1,lpd,ecoli_invivo
b0116,B607,"607, 627",G x G,1,1,lpd,ecoli_invivo
b0116,B83,"83, 84, 97, 98",UA x GU,2,2,lpd,ecoli_invivo
b0116,B832,"832, 833, 834, 868, 869, 870, 871",AAA x GACG,3,4,lpd,ecoli_invivo
b0116,B838,"838, 864",C x A,1,1,lpd,ecoli_invivo
b0116,B841,"841, 861",G x G,1,1,lpd,ecoli_invivo
b0116,B846,"846, 847, 855, 856",AG x AG,2,2,lpd,ecoli_invivo
b0126,B202,"221, 222, 247, 248, 249, 250",AC x UAUG,2,4,can,ecoli_invivo
b0126,B300,"319, 340",G x G,1,1,can,ecoli_invivo
b0131,B353,353,C x 0,1,0,panD,ecoli_invivo
b0170,B341,341,A x 0,1,0,tsf,ecoli_invivo
b0170,B447,"447, 462",U x U,1,1,tsf,ecoli_invivo
b0170,B562,596,0 x U,0,1,tsf,ecoli_invivo
b0170,B566,"566, 567, 568, 588, 589, 590, 591",AAG x GGUA,3,4,tsf,ecoli_invivo
b0170,B643,"643, 644, 645, 646, 647, 648, 649, 650, 651, 652, 676, 677, 678, 679",AUGGUUGAAG x GAAG,10,4,tsf,ecoli_invivo
b0170,B657,"657, 658, 671",CA x C,2,1,tsf,ecoli_invivo
b0175,B100,"100, 115",G x G,1,1,cdsA,ecoli_invivo
b0175,B548,"548, 578, 579, 580",A x UUA,1,3,cdsA,ecoli_invivo
b0175,B554,"554, 555, 571, 572",CU x CA,2,2,cdsA,ecoli_invivo
b0175,B794,794,A x 0,1,0,cdsA,ecoli_invivo
b0175,B91,"91, 92, 93, 122, 123, 124",GUA x GGG,3,3,cdsA,ecoli_invivo
b0178,B131,"131, 132, 178",AC x A,2,1,skp,ecoli_invivo
b0178,B139,"139, 140, 141, 142, 143, 144, 145, 171",GAAAAUG x G,7,1,skp,ecoli_invivo
b0178,B151,"151, 152, 153, 163, 164, 165",AAA x AGC,3,3,skp,ecoli_invivo
b0178,B215,"215, 216, 217",AGU x 0,3,0,skp,ecoli_invivo
b0178,B384,"413, 414",0 x AU,0,2,skp,ecoli_invivo
b0179,B172,"172, 173, 187, 188",GC x CA,2,2,lpxD,ecoli_invivo
b0179,B227,"227, 236",U x C,1,1,lpxD,ecoli_invivo
b0179,B292,"292, 293, 319, 320",CA x GA,2,2,lpxD,ecoli_invivo
b0179,B296,"296, 316",A x A,1,1,lpxD,ecoli_invivo
b0179,B47,"47, 48, 49, 50, 51, 52, 53, 80, 81, 82",AACUACA x GCG,7,3,lpxD,ecoli_invivo
b0179,B567,644,0 x U,0,1,lpxD,ecoli_invivo
b0179,B571,"571, 572, 573, 574, 635, 636, 637, 638, 639",AACU x GCACA,4,5,lpxD,ecoli_invivo
b0179,B580,"580, 581, 628, 629",AA x GG,2,2,lpxD,ecoli_invivo
b0179,B586,623,0 x A,0,1,lpxD,ecoli_invivo
b0179,B590,"590, 591, 592, 593, 618",AGAU x C,4,1,lpxD,ecoli_invivo
b0181,B462,462,C x 0,1,0,lpxA,ecoli_invivo
b0181,B467,"467, 468, 469, 519",UGA x C,3,1,lpxA,ecoli_invivo
b0181,B474,"474, 475, 476, 512, 513, 514",AGU x UUG,3,3,lpxA,ecoli_invivo
b0181,B483,"483, 484, 485, 486, 502, 503, 504, 505",GUUC x CACG,4,4,lpxA,ecoli_invivo
b0181,B618,"618, 619, 635, 636, 637",AU x UUA,2,3,lpxA,ecoli_invivo
b0181,B622,622,A x 0,1,0,lpxA,ecoli_invivo
b0181,B672,672,U x 0,1,0,lpxA,ecoli_invivo
b0605,B296,296,A x 0,1,0,ahpC,ecoli_invivo
b0642,B1023,1023,C x 0,1,0,leuS,ecoli_invivo
b0642,B1027,"1027, 1028, 1029, 1040",CAG x A,3,1,leuS,ecoli_invivo
b0642,B1504,"1504, 1516",C x C,1,1,leuS,ecoli_invivo
b0642,B1832,"1832, 1833",AA x 0,2,0,leuS,ecoli_invivo
b0642,B2082,"2082, 2083, 2095, 2096",GA x AA,2,2,leuS,ecoli_invivo
b0642,B2161,"2161, 2162",AC x 0,2,0,leuS,ecoli_invivo
b0642,B2168,"2168, 2169, 2170, 2183, 2184, 2185, 2186, 2187, 2188",ACA x CGAUUA,3,6,leuS,ecoli_invivo
b0642,B323,"323, 324, 325, 326, 327, 328, 329, 377, 378, 379, 380, 381",UGAAAAA x CAACC,7,5,leuS,ecoli_invivo
b0642,B337,"337, 338, 339, 340, 341, 342, 343, 344, 345, 368, 369",AAAAUGCUG x GC,9,2,leuS,ecoli_invivo
b0642,B414,"414, 415, 458",AU x C,2,1,leuS,ecoli_invivo
b0642,B421,"447, 448, 449, 450, 451, 452",0 x AUAUAA,0,6,leuS,ecoli_invivo
b0642,B425,"425, 442",A x C,1,1,leuS,ecoli_invivo
b0658,B152,152,A x 0,1,0,ybeX,ecoli_invivo
b0658,B657,"657, 658, 672",CA x C,2,1,ybeX,ecoli_invivo
b0658,B75,"75, 76, 77, 78, 109, 110, 111, 112",ACUU x CUGC,4,4,ybeX,ecoli_invivo
b0658,B769,"769, 780",A x C,1,1,ybeX,ecoli_invivo
b0658,B82,"104, 105",0 x AC,0,2,ybeX,ecoli_invivo
b0680,B1216,"1280, 1281, 1282, 1283, 1284, 1297, 1298",CCGAA x AC,5,2,glnS,ecoli_invivo
b0680,B255,"319, 339",C x A,1,1,glnS,ecoli_invivo
b0680,B258,"322, 323, 334, 335, 336",CA x AUC,2,3,glnS,ecoli_invivo
b0680,B298,"362, 363, 374, 375",AC x UG,2,2,glnS,ecoli_invivo
b0680,B553,"617, 637",G x G,1,1,glnS,ecoli_invivo
b0680,B684,"797, 798, 799, 800",0 x ACAC,0,4,glnS,ecoli_invivo
b0680,B689,"753, 790, 791",U x CU,1,2,glnS,ecoli_invivo
b0680,B695,"759, 760, 761, 784",CCC x C,3,1,glnS,ecoli_invivo
b0680,B702,"766, 779",C x C,1,1,glnS,ecoli_invivo
b0680,B811,"875, 890",C x U,1,1,glnS,ecoli_invivo
b0680,B975,"1039, 1065",A x A,1,1,glnS,ecoli_invivo
b0680,B981,"1058, 1059",0 x UU,0,2,glnS,ecoli_invivo
b0733,B1281,"1281, 1312, 1313",G x GA,1,2,cydA,ecoli_invivo
b0733,B1288,"1288, 1289, 1304, 1305",AU x UU,2,2,cydA,ecoli_invivo
b0733,B1537,"1537, 1552",C x A,1,1,cydA,ecoli_invivo
b0733,B169,189,0 x C,0,1,cydA,ecoli_invivo
b0733,B218,"218, 219, 220, 238, 239, 240",UGG x AAC,3,3,cydA,ecoli_invivo
b0733,B360,"360, 361, 463, 464, 465, 466, 467, 468, 469, 470",UC x AUCGCGUC,2,8,cydA,ecoli_invivo
b0733,B367,"367, 368, 369, 453, 454, 455, 456, 457",AAA x GCAAA,3,5,cydA,ecoli_invivo
b0733,B411,"411, 439, 440",A x GC,1,2,cydA,ecoli_invivo
b0733,B416,"416, 432, 433, 434",U x UCU,1,3,cydA,ecoli_invivo
b0733,B541,563,0 x U,0,1,cydA,ecoli_invivo
b0733,B544,559,0 x A,0,1,cydA,ecoli_invivo
b0733,B703,703,A x 0,1,0,cydA,ecoli_invivo
b0733,B708,"708, 726, 727",U x CU,1,2,cydA,ecoli_invivo
b0740,B1248,"1248, 1280",A x C,1,1,tolB,ecoli_invivo
b0740,B1252,"1252, 1253, 1254, 1276",GAU x U,3,1,tolB,ecoli_invivo
b0740,B1257,1257,A x 0,1,0,tolB,ecoli_invivo
b0740,B149,149,C x 0,1,0,tolB,ecoli_invivo
b0740,B184,"184, 185, 222, 223",UU x UC,2,2,tolB,ecoli_invivo
b0740,B190,"190, 191, 192, 213, 214, 215, 216, 217",AAC x AGAUC,3,5,tolB,ecoli_invivo
b0740,B239,"239, 240, 264",CG x A,2,1,tolB,ecoli_invivo
b0740,B244,"244, 260",A x A,1,1,tolB,ecoli_invivo
b0740,B379,"379, 394",A x A,1,1,tolB,ecoli_invivo
b0740,B39,"39, 40, 74, 75",AC x UU,2,2,tolB,ecoli_invivo
b0740,B423,432,0 x U,0,1,tolB,ecoli_invivo
b0740,B48,"48, 66",A x A,1,1,tolB,ecoli_invivo
b0742,B196,"196, 197",AA x 0,2,0,cpoB,ecoli_invivo
b0742,B201,"201, 202, 203, 204, 248, 249, 250",AUCC x AAC,4,3,cpoB,ecoli_invivo
b0742,B215,"215, 236, 237",C x AA,1,2,cpoB,ecoli_invivo
b0742,B220,"220, 231",C x U,1,1,cpoB,ecoli_invivo
b0742,B444,"444, 492",A x G,1,1,cpoB,ecoli_invivo
b0742,B454,"478, 479, 480, 481, 482",0 x GAUGA,0,5,cpoB,ecoli_invivo
b0742,B460,"460, 461",CA x 0,2,0,cpoB,ecoli_invivo
b0742,B600,"600, 601, 602, 603, 604, 605, 706, 707, 708, 709, 710, 711",GUACUA x GCGAAA,6,6,cpoB,ecoli_invivo
b0742,B617,630,0 x U,0,1,cpoB,ecoli_invivo
b0742,B642,"642, 643, 644, 645, 646, 685, 686, 687, 688, 689, 690",AAAGG x GACAAA,5,6,cpoB,ecoli_invivo
b0742,B652,679,0 x A,0,1,cpoB,ecoli_invivo
b0742,B656,674,0 x U,0,1,cpoB,ecoli_invivo
b0747,B24,"24, 46",G x G,1,1,lysY,ecoli_invivo
b0889,B124,"154, 155",0 x CU,0,2,lrp,ecoli_invivo
b0889,B126,"126, 151",A x C,1,1,lrp,ecoli_invivo
b0889,B131,146,0 x U,0,1,lrp,ecoli_invivo
b0889,B212,212,A x 0,1,0,lrp,ecoli_invivo
b0889,B216,"216, 255",A x C,1,1,lrp,ecoli_invivo
b0889,B221,"249, 250",0 x UC,0,2,lrp,ecoli_invivo
b0889,B224,"224, 244, 245",U x CU,1,2,lrp,ecoli_invivo
b0889,B229,"229, 239",U x U,1,1,lrp,ecoli_invivo
b0912,B106,106,A x 0,1,0,ihfB,ecoli_invivo
b0912,B142,"142, 143, 144, 145, 161, 162, 163",UUCG x ACU,4,3,ihfB,ecoli_invivo
b0957,B33,33,A x 0,1,0,ompA,ecoli_invivo
b0957,B37,57,0 x G,0,1,ompA,ecoli_invivo
b0957,B40,"52, 53",0 x GU,0,2,ompA,ecoli_invivo
b0957,B845,"845, 846, 871",UU x C,2,1,ompA,ecoli_invivo
b0957,B849,849,U x 0,1,0,ompA,ecoli_invivo
b0966,B201,"202, 220",C x A,1,1,hspQ,ecoli_invivo
b0970,B152,165,0 x G,0,1,yccA,ecoli_invivo
b0970,B329,"329, 330, 331, 366, 367, 368, 369",UGG x AUAU,3,4,yccA,ecoli_invivo
b0970,B337,"337, 360",A x C,1,1,yccA,ecoli_invivo
b0970,B342,"342, 343, 344, 353, 354, 355",GUU x UCU,3,3,yccA,ecoli_invivo
b0970,B559,"559, 585",G x G,1,1,yccA,ecoli_invivo
b0970,B563,"563, 564, 580, 581",AG x GC,2,2,yccA,ecoli_invivo
b1088,B177,"177, 187",A x G,1,1,yceD,ecoli_invivo
b1088,B273,273,U x 0,1,0,yceD,ecoli_invivo
b1088,B279,"279, 290",G x A,1,1,yceD,ecoli_invivo
b1088,B316,"316, 317, 318, 319, 320, 346, 347, 348, 349, 350",UAUGA x GAAAU,5,5,yceD,ecoli_invivo
b1088,B360,"360, 395",U x C,1,1,yceD,ecoli_invivo
b1088,B365,365,U x 0,1,0,yceD,ecoli_invivo
b1088,B369,369,U x 0,1,0,yceD,ecoli_invivo
b1088,B372,"372, 385",A x C,1,1,yceD,ecoli_invivo
b1088,B443,"443, 444, 491, 492, 493",AC x UUG,2,3,yceD,ecoli_invivo
b1088,B449,"449, 450, 486",UC x C,2,1,yceD,ecoli_invivo
b1088,B457,"457, 458, 459, 460, 477, 478, 479",GAAC x AAA,4,3,yceD,ecoli_invivo
b1088,B464,473,0 x C,0,1,yceD,ecoli_invivo
b1089,B74,"108, 109, 110, 111, 112, 113, 114",0 x AAAACAC,0,7,rpmF,ecoli_invivo
b1089,B81,"81, 82, 95, 96, 97, 98, 99, 100",CC x AAACUU,2,6,rpmF,ecoli_invivo
b1093,B369,369,C x 0,1,0,fabG,ecoli_invivo
b1093,B448,"448, 449, 467, 468",AA x CG,2,2,fabG,ecoli_invivo
b1093,B452,"452, 463, 464",A x AA,1,2,fabG,ecoli_invivo
b1093,B489,520,0 x A,0,1,fabG,ecoli_invivo
b1093,B492,"492, 493, 514, 515, 516",AC x CGC,2,3,fabG,ecoli_invivo
b1093,B78,78,A x 0,1,0,fabG,ecoli_invivo
b1095,B1027,"1027, 1028, 1029, 1030, 1078, 1079, 1080",UUAG x GAU,4,3,fabF,ecoli_invivo
b1095,B1038,"1067, 1068, 1069, 1070",0 x UGGC,0,4,fabF,ecoli_invivo
b1095,B1043,"1043, 1061",C x C,1,1,fabF,ecoli_invivo
b1095,B182,"182, 218",A x C,1,1,fabF,ecoli_invivo
b1095,B187,213,0 x G,0,1,fabF,ecoli_invivo
b1095,B191,"191, 208",C x A,1,1,fabF,ecoli_invivo
b1095,B431,442,0 x A,0,1,fabF,ecoli_invivo
b1095,B520,"520, 521, 522",GCU x 0,3,0,fabF,ecoli_invivo
b1095,B650,"650, 651, 664, 665",AA x CC,2,2,fabF,ecoli_invivo
b1095,B849,"849, 850, 851, 852, 885, 886",GAUG x GA,4,2,fabF,ecoli_invivo
b1095,B855,"855, 880, 881, 882",A x GAA,1,3,fabF,ecoli_invivo
b1095,B861,861,U x 0,1,0,fabF,ecoli_invivo
b1101,B1119,1119,C x 0,1,0,ptsG,ecoli_invivo
b1101,B1370,"1370, 1371, 1372",CGA x 0,3,0,ptsG,ecoli_invivo
b1101,B1375,"1375, 1392",U x U,1,1,ptsG,ecoli_invivo
b1101,B356,356,U x 0,1,0,ptsG,ecoli_invivo
b1243,B1288,"1288, 1324",C x U,1,1,oppA,ecoli_invivo
b1243,B1292,"1292, 1293, 1294, 1295, 1316, 1317, 1318, 1319, 1320",ACCA x GUGCA,4,5,oppA,ecoli_invivo
b1243,B1300,1311,0 x G,0,1,oppA,ecoli_invivo
b1243,B1422,1447,0 x A,0,1,oppA,ecoli_invivo
b1243,B1426,"1426, 1427, 1440, 1441, 1442",AU x GAA,2,3,oppA,ecoli_invivo
b1243,B1492,"1492, 1493, 1512, 1513",CA x CA,2,2,oppA,ecoli_invivo
b1243,B1563,"1563, 1600, 1601, 1602",U x UAU,1,3,oppA,ecoli_invivo
b1243,B1568,"1568, 1569, 1595",GC x A,2,1,oppA,ecoli_invivo
b1243,B1573,1573,A x 0,1,0,oppA,ecoli_invivo
b1243,B744,"744, 745, 746, 747, 748, 749, 759, 760, 761, 762, 763, 764, 765",CUAUUU x UUCUGAA,6,7,oppA,ecoli_invivo
b1244,B188,"188, 205, 206",A x CA,1,2,oppB,ecoli_invivo
b1244,B286,299,0 x U,0,1,oppB,ecoli_invivo
b1244,B398,"398, 441",G x A,1,1,oppB,ecoli_invivo
b1244,B401,"401, 402, 403, 436, 437, 438",UGG x GUU,3,3,oppB,ecoli_invivo
b1244,B406,"406, 407, 431, 432, 433",AU x UUG,2,3,oppB,ecoli_invivo
b1244,B411,"411, 427",C x A,1,1,oppB,ecoli_invivo
b1244,B582,582,U x 0,1,0,oppB,ecoli_invivo
b1244,B596,"596, 608",A x C,1,1,oppB,ecoli_invivo
b1245,B244,244,C x 0,1,0,oppC,ecoli_invivo
b1245,B277,"277, 288",C x C,1,1,oppC,ecoli_invivo
b1245,B377,393,0 x U,0,1,oppC,ecoli_invivo
b1245,B380,"380, 389",G x G,1,1,oppC,ecoli_invivo
b1245,B609,"609, 610, 611, 612, 613, 614, 631, 632",UGUAUC x AU,6,2,oppC,ecoli_invivo
b1245,B870,"893, 894",0 x AC,0,2,oppC,ecoli_invivo
b1245,B873,"873, 889",U x C,1,1,oppC,ecoli_invivo
b1246,B145,"145, 146, 156",GG x G,2,1,oppD,ecoli_invivo
b1246,B221,243,0 x A,0,1,oppD,ecoli_invivo
b1246,B669,"669, 670, 671, 686, 687, 688, 689, 690",UAU x UUGUC,3,5,oppD,ecoli_invivo
b1246,B956,"956, 991, 992, 993",A x AAA,1,3,oppD,ecoli_invivo
b1246,B962,"962, 983, 984, 985",U x CUU,1,3,oppD,ecoli_invivo
b1247,B321,"321, 322, 323, 324, 325, 326, 327, 363",CCAGGAU x C,7,1,oppF,ecoli_invivo
b1247,B331,"331, 359",U x U,1,1,oppF,ecoli_invivo
b1247,B335,355,0 x A,0,1,oppF,ecoli_invivo
b1247,B338,351,0 x U,0,1,oppF,ecoli_invivo
b1656,B26,"71, 72",0 x UC,0,2,sodB,ecoli_invivo
b1656,B276,"294, 342",C x A,1,1,sodB,ecoli_invivo
b1656,B282,"300, 301, 302, 303, 304, 329, 330, 331, 332, 333, 334, 335, 336",UUUUG x AGUUUACU,5,8,sodB,ecoli_invivo
b1656,B289,307,A x 0,1,0,sodB,ecoli_invivo
b1656,B29,"47, 48, 65, 66, 67",CA x AAA,2,3,sodB,ecoli_invivo
b1714,B203,"203, 228",A x G,1,1,pheS,ecoli_invivo
b1714,B206,"206, 207, 221, 222, 223, 224, 225",AG x GUAAA,2,5,pheS,ecoli_invivo
b1714,B266,266,C x 0,1,0,pheS,ecoli_invivo
b1714,B270,"270, 282",A x C,1,1,pheS,ecoli_invivo
b1714,B504,516,0 x C,0,1,pheS,ecoli_invivo
b1719,B1091,"1091, 1108",A x C,1,1,thrS,ecoli_invivo
b1719,B1128,"1128, 1129, 1130, 1143, 1144, 1145, 1146, 1147",GCG x GGAUG,3,5,thrS,ecoli_invivo
b1719,B1237,"1237, 1238, 1250, 1251",UU x UC,2,2,thrS,ecoli_invivo
b1719,B1266,"1296, 1297, 1298",0 x AAU,0,3,thrS,ecoli_invivo
b1719,B1271,1290,0 x C,0,1,thrS,ecoli_invivo
b1719,B1274,"1274, 1275, 1285, 1286",AA x GG,2,2,thrS,ecoli_invivo
b1719,B1766,"1855, 1856, 1857",0 x AUG,0,3,thrS,ecoli_invivo
b1719,B1768,"1768, 1852",G x A,1,1,thrS,ecoli_invivo
b1719,B1774,"1774, 1775, 1776, 1777, 1778, 1779, 1780, 1781",UAUAUGCU x 0,8,0,thrS,ecoli_invivo
b1719,B1787,"1787, 1788, 1835, 1836, 1837, 1838, 1839, 1840, 1841",GU x GUGGUAA,2,7,thrS,ecoli_invivo
b1719,B1793,"1793, 1794, 1795, 1796, 1797, 1798, 1799",AUAAAGA x 0,7,0,thrS,ecoli_invivo
b1719,B1804,1826,0 x G,0,1,thrS,ecoli_invivo
b1719,B1807,"1807, 1808, 1809, 1822",UCA x G,3,1,thrS,ecoli_invivo
b1719,B196,"196, 197, 198, 211",GAA x A,3,1,thrS,ecoli_invivo
b1719,B581,"581, 582, 583, 584, 601, 602",AUCA x AC,4,2,thrS,ecoli_invivo
b1719,B876,"876, 877, 878, 879, 880, 881, 882, 902, 903, 904",AGUUAAA x GUG,7,3,thrS,ecoli_invivo
b1719,B949,"949, 981",A x C,1,1,thrS,ecoli_invivo
b1719,B957,"957, 958, 959, 960, 969, 970, 971, 972, 973",CACA x GAACC,4,5,thrS,ecoli_invivo
b1779,B156,"168, 169",0 x UA,0,2,gapA,ecoli_invivo
b1779,B311,"311, 312, 364",AA x C,2,1,gapA,ecoli_invivo
b1779,B316,"316, 317, 359, 360",GC x CU,2,2,gapA,ecoli_invivo
b1779,B324,"324, 352",A x G,1,1,gapA,ecoli_invivo
b1779,B328,"328, 347, 348",A x AA,1,2,gapA,ecoli_invivo
b1779,B331,"331, 332, 343, 344",AC x AA,2,2,gapA,ecoli_invivo
b1779,B628,"628, 629, 630, 642, 643, 644, 645",GGU x UGUA,3,4,gapA,ecoli_invivo
b1782,B548,"603, 604, 605, 606, 607",0 x GAGCG,0,5,mipA,ecoli_invivo
b1782,B551,599,0 x A,0,1,mipA,ecoli_invivo
b1814,B1023,"1023, 1024, 1025, 1026, 1027, 1028, 1029, 1030, 1126, 1127",CGAAGUGG x AA,8,2,sdaA,ecoli_invivo
b1814,B1036,1036,G x 0,1,0,sdaA,ecoli_invivo
b1814,B1039,1118,0 x U,0,1,sdaA,ecoli_invivo
b1814,B1041,1041,U x 0,1,0,sdaA,ecoli_invivo
b1814,B1047,"1047, 1048, 1109, 1110",GG x AA,2,2,sdaA,ecoli_invivo
b1814,B1056,"1056, 1057, 1058, 1059, 1060, 1061, 1062, 1099, 1100, 1101",GGGUCUU x GUG,7,3,sdaA,ecoli_invivo
b1814,B1068,"1068, 1093",A x G,1,1,sdaA,ecoli_invivo
b1814,B1072,"1088, 1089",0 x AA,0,2,sdaA,ecoli_invivo
b1814,B1204,"1204, 1205, 1219",AA x G,2,1,sdaA,ecoli_invivo
b1814,B1259,"1259, 1297, 1298",C x AA,1,2,sdaA,ecoli_invivo
b1814,B1265,"1265, 1266, 1267, 1268, 1269, 1288, 1289, 1290, 1291",AUAAG x GAAA,5,4,sdaA,ecoli_invivo
b1814,B1272,1285,0 x U,0,1,sdaA,ecoli_invivo
b1814,B135,"135, 161",U x C,1,1,sdaA,ecoli_invivo
b1814,B138,"138, 158",C x U,1,1,sdaA,ecoli_invivo
b1814,B349,"349, 350, 364, 365, 366, 367",AA x CUGC,2,4,sdaA,ecoli_invivo
b1814,B474,474,U x 0,1,0,sdaA,ecoli_invivo
b1814,B574,"604, 605, 606, 607, 608, 609",0 x AAGAAA,0,6,sdaA,ecoli_invivo
b1814,B577,"577, 600",A x C,1,1,sdaA,ecoli_invivo
b1814,B583,"583, 584",AA x 0,2,0,sdaA,ecoli_invivo
b1814,B944,"944, 953",A x C,1,1,sdaA,ecoli_invivo
b1910,B26,42,0 x U,0,1,cysT,ecoli_invivo
b2029,B121,"121, 122, 153, 154",GA x GG,2,2,gnd,ecoli_invivo
b2029,B126,"126, 127, 147, 148, 149",GA x GAA,2,3,gnd,ecoli_invivo
b2029,B351,"351, 352, 353, 354, 355",AGAGG x 0,5,0,gnd,ecoli_invivo
b2029,B361,"361, 362, 395, 396",AA x AG,2,2,gnd,ecoli_invivo
b2029,B371,"371, 372, 373",GUA x 0,3,0,gnd,ecoli_invivo
b2029,B418,"418, 419, 420, 421, 422, 433, 434, 435, 436, 437",AUUAU x CAGAA,5,5,gnd,ecoli_invivo
b2029,B45,45,A x 0,1,0,gnd,ecoli_invivo
b2029,B566,"566, 567, 606, 607",UU x UC,2,2,gnd,ecoli_invivo
b2029,B573,573,C x 0,1,0,gnd,ecoli_invivo
b2029,B577,"577, 578, 579, 580, 581, 582, 596, 597",GAUAUG x AA,6,2,gnd,ecoli_invivo
b2167,B100,100,A x 0,1,0,fruA,ecoli_invivo
b2167,B108,"108, 109, 110, 111, 112, 113",CAAUCC x 0,6,0,fruA,ecoli_invivo
b2167,B120,133,0 x A,0,1,fruA,ecoli_invivo
b2167,B328,"328, 329, 352, 353",AC x CA,2,2,fruA,ecoli_invivo
b2167,B334,"334, 346, 347",U x GU,1,2,fruA,ecoli_invivo
b2167,B678,"678, 679, 680",AUA x 0,3,0,fruA,ecoli_invivo
b2168,B209,"209, 210, 211, 212, 240",UUCA x C,4,1,fruK,ecoli_invivo
b2168,B217,217,C x 0,1,0,fruK,ecoli_invivo
b2168,B509,509,G x 0,1,0,fruK,ecoli_invivo
b2168,B512,"512, 513, 522, 523",AA x AG,2,2,fruK,ecoli_invivo
b2168,B548,548,U x 0,1,0,fruK,ecoli_invivo
b2168,B768,"768, 769, 770, 771, 801, 802, 803, 804",UAUG x GCGU,4,4,fruK,ecoli_invivo
b2168,B778,794,0 x U,0,1,fruK,ecoli_invivo
b2215,B1086,"1086, 1099",U x U,1,1,ompC,ecoli_invivo
b2215,B998,"998, 999, 1000, 1001, 1002, 1021, 1022, 1023, 1024",CCUAC x CUGC,5,4,ompC,ecoli_invivo
b2231,B1538,"1538, 1554",U x U,1,1,gyrA,ecoli_invivo
b2231,B1585,"1585, 1586, 1610, 1611",AA x AA,2,2,gyrA,ecoli_invivo
b2231,B1592,"1592, 1593, 1603, 1604",AA x AC,2,2,gyrA,ecoli_invivo
b2231,B1869,1869,G x 0,1,0,gyrA,ecoli_invivo
b2231,B2036,"2036, 2051",G x G,1,1,gyrA,ecoli_invivo
b2231,B2141,"2141, 2142, 2143, 2170, 2171",UGG x AU,3,2,gyrA,ecoli_invivo
b2231,B2149,2164,0 x C,0,1,gyrA,ecoli_invivo
b2231,B2220,"2220, 2236",C x A,1,1,gyrA,ecoli_invivo
b2231,B2223,2223,U x 0,1,0,gyrA,ecoli_invivo
b2231,B2244,2349,0 x U,0,1,gyrA,ecoli_invivo
b2231,B2246,"2246, 2346",A x A,1,1,gyrA,ecoli_invivo
b2231,B2251,"2251, 2341",G x G,1,1,gyrA,ecoli_invivo
b2231,B2258,"2258, 2259, 2260, 2261, 2262, 2263, 2331, 2332, 2333, 2334",GUAAAC x CGAA,6,4,gyrA,ecoli_invivo
b2231,B2266,2328,0 x U,0,1,gyrA,ecoli_invivo
b2231,B2269,"2269, 2270, 2271, 2322, 2323, 2324",GCA x CAA,3,3,gyrA,ecoli_invivo
b2231,B2276,2276,C x 0,1,0,gyrA,ecoli_invivo
b2231,B2280,"2280, 2281, 2313, 2314",AU x UA,2,2,gyrA,ecoli_invivo
b2231,B2286,"2286, 2287, 2288, 2289, 2290, 2291, 2304, 2305, 2306, 2307, 2308",AACCAA x GAAAG,6,5,gyrA,ecoli_invivo
b2231,B2394,"2394, 2395, 2432, 2433",CA x AA,2,2,gyrA,ecoli_invivo
b2231,B2400,"2400, 2427",U x U,1,1,gyrA,ecoli_invivo
b2231,B2403,2424,0 x C,0,1,gyrA,ecoli_invivo
b2231,B2405,2421,0 x U,0,1,gyrA,ecoli_invivo
b2231,B2466,"2466, 2467, 2493, 2494",GA x AA,2,2,gyrA,ecoli_invivo
b2231,B2470,"2470, 2490",C x U,1,1,gyrA,ecoli_invivo
b2231,B2473,"2473, 2487",A x A,1,1,gyrA,ecoli_invivo
b2231,B360,"360, 385, 386, 387",G x AAA,1,3,gyrA,ecoli_invivo
b2231,B366,"366, 379",U x C,1,1,gyrA,ecoli_invivo
b2231,B40,"40, 41, 113, 114",GA x GA,2,2,gyrA,ecoli_invivo
b2231,B410,410,A x 0,1,0,gyrA,ecoli_invivo
b2231,B452,"452, 453, 454, 469, 470",GCA x GA,3,2,gyrA,ecoli_invivo
b2231,B500,500,U x 0,1,0,gyrA,ecoli_invivo
b2231,B506,"506, 518, 519, 520",A x GUA,1,3,gyrA,ecoli_invivo
b2231,B553,"553, 583",C x C,1,1,gyrA,ecoli_invivo
b2231,B560,"572, 573, 574, 575, 576",0 x UCAAC,0,5,gyrA,ecoli_invivo
b2231,B68,"68, 69, 70, 71, 72, 101, 102",AUUAU x UG,5,2,gyrA,ecoli_invivo
b2231,B76,"76, 77, 78, 79, 96, 97",AUGU x UG,4,2,gyrA,ecoli_invivo
b2231,B994,"994, 995, 996, 997, 998, 1019, 1020, 1021, 1022",AUCAA x GUCA,5,4,gyrA,ecoli_invivo
b2296,B724,"724, 725, 726, 770, 771",ACC x AC,3,2,ackA,ecoli_invivo
b2296,B730,"730, 731, 732, 764, 765, 766",UCU x UGC,3,3,ackA,ecoli_invivo
b2296,B811,"811, 812, 847, 848",AC x AC,2,2,ackA,ecoli_invivo
b2296,B815,"815, 816, 817, 818, 840, 841, 842, 843, 844",AAGA x CGAAG,4,5,ackA,ecoli_invivo
b2296,B822,"822, 836",U x U,1,1,ackA,ecoli_invivo
b2296,B935,"935, 936, 937, 938, 964, 965, 966, 967, 968",AAUA x GAUGG,4,5,ackA,ecoli_invivo
b2297,B171,172,C x 0,1,0,pta,ecoli_invivo
b2297,B175,176,C x 0,1,0,pta,ecoli_invivo
b2297,B1774,"1775, 1793, 1794",C x CA,1,2,pta,ecoli_invivo
b2297,B1831,"1832, 1856",U x U,1,1,pta,ecoli_invivo
b2297,B1834,"1835, 1836, 1853",CG x A,2,1,pta,ecoli_invivo
b2297,B2081,"2082, 2083, 2108, 2109",AC x UC,2,2,pta,ecoli_invivo
b2297,B2087,"2088, 2101, 2102, 2103",U x UAC,1,3,pta,ecoli_invivo
b2297,B244,256,0 x G,0,1,pta,ecoli_invivo
b2297,B361,423,0 x C,0,1,pta,ecoli_invivo
b2297,B367,416,0 x C,0,1,pta,ecoli_invivo
b2297,B369,"370, 411, 412, 413",U x UAU,1,3,pta,ecoli_invivo
b2297,B375,"376, 377, 404, 405",AU x UC,2,2,pta,ecoli_invivo
b2297,B379,"380, 381, 382, 383, 384, 385, 397, 398, 399, 400, 401",CUAAAA x GAAAU,6,5,pta,ecoli_invivo
b2297,B706,707,C x 0,1,0,pta,ecoli_invivo
b2297,B72,"73, 149, 150",C x CC,1,2,pta,ecoli_invivo
b2297,B736,"737, 738, 758",AA x G,2,1,pta,ecoli_invivo
b2297,B829,830,U x 0,1,0,pta,ecoli_invivo
b2297,B870,"871, 872, 873, 874, 875, 915, 916, 917, 918",UGCCU x GACU,5,4,pta,ecoli_invivo
b2297,B881,"882, 883, 884, 885, 886, 887, 888, 907, 908",CAUGAAC x CU,7,2,pta,ecoli_invivo
b2316,B166,166,A x 0,1,0,accD,ecoli_invivo
b2316,B170,170,C x 0,1,0,accD,ecoli_invivo
b2316,B33,"33, 34, 35, 74, 75, 76, 77",UAC x CUAA,3,4,accD,ecoli_invivo
b2316,B39,70,0 x U,0,1,accD,ecoli_invivo
b2316,B44,"44, 45, 46, 61, 62, 63, 64",GCA x GAAG,3,4,accD,ecoli_invivo
b2316,B599,599,A x 0,1,0,accD,ecoli_invivo
b2346,B163,"163, 164, 204, 205, 206",GU x UAA,2,3,mlaA,ecoli_invivo
b2346,B168,168,U x 0,1,0,mlaA,ecoli_invivo
b2346,B173,"173, 174, 175, 176, 194, 195, 196",CCUG x AAC,4,3,mlaA,ecoli_invivo
b2346,B180,180,U x 0,1,0,mlaA,ecoli_invivo
b2346,B309,"309, 332",U x U,1,1,mlaA,ecoli_invivo
b2346,B356,"356, 357, 358, 370, 371, 372",GGA x AAA,3,3,mlaA,ecoli_invivo
b2415,B223,"223, 224, 234, 235",GA x UA,2,2,ptsH,ecoli_invivo
b2416,B1076,"1076, 1077, 1078, 1079, 1080, 1081, 1082, 1083, 1117, 1118, 1119, 1120, 1121, 1122",CUAUCCGU x CAGCUC,8,6,ptsI,ecoli_invivo
b2416,B1090,"1090, 1091, 1109, 1110",AU x UG,2,2,ptsI,ecoli_invivo
b2416,B1274,"1274, 1275, 1276, 1277, 1307, 1308, 1309",AAAU x CAA,4,3,ptsI,ecoli_invivo
b2416,B1282,"1282, 1283, 1284, 1285, 1300, 1301, 1302",GUAA x GCU,4,3,ptsI,ecoli_invivo
b2416,B1620,"1620, 1621, 1622",GAA x 0,3,0,ptsI,ecoli_invivo
b2416,B288,"288, 289, 290, 317, 318, 319",GCA x AAG,3,3,ptsI,ecoli_invivo
b2416,B296,311,0 x C,0,1,ptsI,ecoli_invivo
b2416,B368,368,U x 0,1,0,ptsI,ecoli_invivo
b2416,B371,"371, 372, 373, 374, 394, 395, 396, 397",AAGA x GAUA,4,4,ptsI,ecoli_invivo
b2416,B42,"42, 43",UA x 0,2,0,ptsI,ecoli_invivo
b2416,B942,942,U x 0,1,0,ptsI,ecoli_invivo
b2513,B266,"266, 282",U x U,1,1,yfgM,ecoli_invivo
b2513,B269,269,C x 0,1,0,yfgM,ecoli_invivo
b2513,B355,355,A x 0,1,0,yfgM,ecoli_invivo
b2513,B358,"358, 359, 371, 372",GA x AA,2,2,yfgM,ecoli_invivo
b2514,B1086,"1162, 1163, 1164, 1165, 1180, 1181",GGUG x AA,4,2,hisS,ecoli_invivo
b2514,B202,"278, 279, 442, 443",UC x AC,2,2,hisS,ecoli_invivo
b2514,B208,"284, 285, 286, 435, 436, 437",AUG x UAU,3,3,hisS,ecoli_invivo
b2514,B238,"314, 315, 316",UGU x 0,3,0,hisS,ecoli_invivo
b2514,B246,322,A x 0,1,0,hisS,ecoli_invivo
b2514,B254,"330, 331, 332, 333, 334, 335, 402, 403, 404, 405, 406, 407, 408",GAUGUU x UCUGCAA,6,7,hisS,ecoli_invivo
b2514,B263,"339, 340, 396, 397, 398",UC x UUU,2,3,hisS,ecoli_invivo
b2514,B293,369,U x 0,1,0,hisS,ecoli_invivo
b2514,B297,373,U x 0,1,0,hisS,ecoli_invivo
b2514,B543,"619, 620, 621, 641, 642",GUG x AA,3,2,hisS,ecoli_invivo
b2514,B632,"708, 727",U x C,1,1,hisS,ecoli_invivo
b2514,B735,"811, 812, 813, 823, 824, 825",UGG x AGU,3,3,hisS,ecoli_invivo
b2514,B780,"856, 868",G x G,1,1,hisS,ecoli_invivo
b2514,B823,"899, 913",C x U,1,1,hisS,ecoli_invivo
b2514,B857,"933, 953",U x C,1,1,hisS,ecoli_invivo
b2526,B1020,"1035, 1036, 1037, 1038",0 x UGAA,0,4,hscA,ecoli_invivo
b2526,B1137,"1137, 1138, 1139, 1169, 1170, 1171, 1172, 1173, 1174, 1175",UAA x AUGUGAU,3,7,hscA,ecoli_invivo
b2526,B1145,"1145, 1146",CA x 0,2,0,hscA,ecoli_invivo
b2526,B1278,"1278, 1279, 1280, 1281, 1282, 1309, 1310, 1311, 1312, 1313, 1314, 1315",UAAAG x GUAAUGC,5,7,hscA,ecoli_invivo
b2526,B1287,"1287, 1288, 1303, 1304",UC x AU,2,2,hscA,ecoli_invivo
b2526,B1453,"1453, 1472",G x G,1,1,hscA,ecoli_invivo
b2526,B1456,"1456, 1469",A x C,1,1,hscA,ecoli_invivo
b2526,B1496,"1496, 1510",A x C,1,1,hscA,ecoli_invivo
b2526,B155,"155, 156, 157, 192, 193, 194",UGC x UUC,3,3,hscA,ecoli_invivo
b2526,B162,"162, 163, 184, 185, 186, 187",AU x CAAG,2,4,hscA,ecoli_invivo
b2526,B312,"312, 313, 314, 354, 355, 356",UUA x AAC,3,3,hscA,ecoli_invivo
b2526,B321,"321, 343, 344, 345, 346, 347",C x CCGAU,1,5,hscA,ecoli_invivo
b2526,B443,"443, 516",A x G,1,1,hscA,ecoli_invivo
b2526,B476,476,A x 0,1,0,hscA,ecoli_invivo
b2526,B482,"482, 483, 484, 485, 503",ACGA x C,4,1,hscA,ecoli_invivo
b2526,B597,"597, 617",G x A,1,1,hscA,ecoli_invivo
b2526,B601,613,0 x G,0,1,hscA,ecoli_invivo
b2526,B735,"735, 751",G x G,1,1,hscA,ecoli_invivo
b2527,B239,308,0 x A,0,1,hscB,ecoli_invivo
b2527,B244,"244, 245, 296, 297, 298, 299, 300, 301, 302",GA x GCGAAGA,2,7,hscB,ecoli_invivo
b2527,B251,"251, 252, 287, 288, 289, 290",AU x UGGA,2,4,hscB,ecoli_invivo
b2527,B79,"79, 93, 94",C x UC,1,2,hscB,ecoli_invivo
b2530,B1011,1024,0 x C,0,1,iscS,ecoli_invivo
b2530,B172,"172, 173",AU x 0,2,0,iscS,ecoli_invivo
b2530,B245,"245, 295",C x A,1,1,iscS,ecoli_invivo
b2530,B249,"249, 250, 251, 252, 253, 289, 290, 291",CAAAG x AUC,5,3,iscS,ecoli_invivo
b2530,B258,"258, 283, 284",A x AA,1,2,iscS,ecoli_invivo
b2530,B262,"262, 263, 264, 277, 278, 279",AAC x AAA,3,3,iscS,ecoli_invivo
b2530,B429,"429, 447, 448",C x CA,1,2,iscS,ecoli_invivo
b2530,B493,516,0 x U,0,1,iscS,ecoli_invivo
b2530,B495,"495, 496, 497, 513",UAU x U,3,1,iscS,ecoli_invivo
b2530,B582,"582, 583, 584, 585, 586, 587, 588, 589, 590, 615, 616, 617, 618, 619, 620, 621, 622, 623",GUUGAAAGU x CAAAAUCUA,9,9,iscS,ecoli_invivo
b2530,B596,"596, 609",U x C,1,1,iscS,ecoli_invivo
b2530,B875,889,0 x G,0,1,iscS,ecoli_invivo
b2530,B942,"942, 943, 944, 982, 983, 984, 985, 986",UAU x UGUAC,3,5,iscS,ecoli_invivo
b2530,B949,"974, 975, 976, 977",0 x GUUC,0,4,iscS,ecoli_invivo
b2530,B954,968,0 x C,0,1,iscS,ecoli_invivo
b2531,B201,201,A x 0,1,0,iscR,ecoli_invivo
b2531,B342,"342, 359, 360",C x UU,1,2,iscR,ecoli_invivo
b2568,B111,"111, 120",G x G,1,1,lepB,ecoli_invivo
b2568,B169,"169, 183, 184, 185, 186, 187, 188",A x GGAAAC,1,6,lepB,ecoli_invivo
b2568,B20,"20, 21, 22, 23, 24, 44, 45, 46, 47",UGAUU x UGAC,5,4,lepB,ecoli_invivo
b2568,B413,"413, 453",A x A,1,1,lepB,ecoli_invivo
b2568,B421,"421, 422, 440, 441, 442, 443, 444, 445",AA x GCGCGG,2,6,lepB,ecoli_invivo
b2568,B549,"549, 550, 566",CA x A,2,1,lepB,ecoli_invivo
b2568,B553,553,U x 0,1,0,lepB,ecoli_invivo
b2568,B594,594,A x 0,1,0,lepB,ecoli_invivo
b2568,B649,"649, 663, 664",A x AA,1,2,lepB,ecoli_invivo
b2568,B800,"800, 864",G x G,1,1,lepB,ecoli_invivo
b2568,B805,"805, 806, 858, 859",UA x CU,2,2,lepB,ecoli_invivo
b2568,B812,"812, 813, 814, 815, 816, 848, 849, 850, 851, 852",UGAUG x GUUAC,5,5,lepB,ecoli_invivo
b2568,B820,"820, 821, 822, 823, 824, 842, 843, 844",GACAA x ACA,5,3,lepB,ecoli_invivo
b2570,B108,"108, 109",UA x 0,2,0,rseC,ecoli_invivo
b2570,B114,"114, 128",C x U,1,1,rseC,ecoli_invivo
b2570,B23,"23, 49",U x C,1,1,rseC,ecoli_invivo
b2570,B29,43,0 x C,0,1,rseC,ecoli_invivo
b2570,B309,"309, 333, 334",C x CC,1,2,rseC,ecoli_invivo
b2570,B316,"316, 326",G x G,1,1,rseC,ecoli_invivo
b2571,B283,283,C x 0,1,0,rseB,ecoli_invivo
b2571,B399,"439, 440",0 x GU,0,2,rseB,ecoli_invivo
b2571,B405,"405, 432",U x U,1,1,rseB,ecoli_invivo
b2571,B408,"408, 429",U x C,1,1,rseB,ecoli_invivo
b2571,B412,"412, 413",GA x 0,2,0,rseB,ecoli_invivo
b2571,B647,"647, 648, 649, 650, 665, 666, 667",AAAA x GGA,4,3,rseB,ecoli_invivo
b2571,B753,753,A x 0,1,0,rseB,ecoli_invivo
b2595,B459,475,U x 0,1,0,bamD,ecoli_invivo
b2607,B106,125,0 x C,0,1,trmD,ecoli_invivo
b2607,B136,"136, 137, 171",CA x A,2,1,trmD,ecoli_invivo
b2607,B142,"142, 165, 166",A x CG,1,2,trmD,ecoli_invivo
b2607,B147,"159, 160",0 x UU,0,2,trmD,ecoli_invivo
b2607,B193,"193, 194, 195, 206",CAA x A,3,1,trmD,ecoli_invivo
b2607,B277,"277, 278, 291, 292",AA x GG,2,2,trmD,ecoli_invivo
b2607,B361,"361, 411",C x U,1,1,trmD,ecoli_invivo
b2607,B370,"370, 371, 372, 373, 402",CAAA x C,4,1,trmD,ecoli_invivo
b2607,B378,"378, 379",AA x 0,2,0,trmD,ecoli_invivo
b2607,B500,"500, 511",C x U,1,1,trmD,ecoli_invivo
b2607,B580,"580, 592",C x U,1,1,trmD,ecoli_invivo
b2607,B712,"735, 736, 737, 738",0 x ACAA,0,4,trmD,ecoli_invivo
b2607,B715,"715, 716, 731",GA x A,2,1,trmD,ecoli_invivo
b2608,B131,"131, 132, 133, 134, 156",AUCA x G,4,1,rimM,ecoli_invivo
b2608,B138,"151, 152",0 x AA,0,2,rimM,ecoli_invivo
b2608,B166,"166, 167, 194",CA x A,2,1,rimM,ecoli_invivo
b2608,B170,"170, 171, 172, 191",AAG x A,3,1,rimM,ecoli_invivo
b2608,B214,"214, 234",A x C,1,1,rimM,ecoli_invivo
b2608,B219,229,0 x G,0,1,rimM,ecoli_invivo
b2608,B34,"34, 35, 52, 53",GA x AA,2,2,rimM,ecoli_invivo
b2608,B376,"376, 377, 378, 379, 395, 396",AAAG x AA,4,2,rimM,ecoli_invivo
b2609,B124,"124, 125, 126, 174, 175, 176, 177",AUC x UCAC,3,4,rpsP,ecoli_invivo
b2609,B129,"129, 130, 169, 170, 171",UA x AUC,2,3,rpsP,ecoli_invivo
b2609,B135,"135, 136, 137, 162, 163, 164",AAA x GGA,3,3,rpsP,ecoli_invivo
b2609,B141,"141, 142, 143, 156, 157, 158",AGA x GGA,3,3,rpsP,ecoli_invivo
b2609,B209,221,0 x U,0,1,rpsP,ecoli_invivo
b2614,B229,"266, 267, 268, 285, 286, 287, 288",AGA x GCUG,3,4,grpE,ecoli_invivo
b2614,B283,"320, 321, 322, 338, 339",AAG x AC,3,2,grpE,ecoli_invivo
b2614,B335,372,G x 0,1,0,grpE,ecoli_invivo
b2614,B430,"482, 483",0 x AA,0,2,grpE,ecoli_invivo
b2617,B124,124,G x 0,1,0,bamE,ecoli_invivo
b2617,B256,"256, 257, 258, 259, 260, 275, 276, 277, 278, 279",GUAAC x CGCUG,5,5,bamE,ecoli_invivo
b2678,B188,"188, 199",C x U,1,1,proW,ecoli_invivo
b2678,B481,"481, 500",G x G,1,1,proW,ecoli_invivo
b2678,B485,"485, 496",U x U,1,1,proW,ecoli_invivo
b2697,B1048,"1048, 1049, 1050",AAA x 0,3,0,alaS,ecoli_invivo
b2697,B1106,"1106, 1107, 1108, 1109, 1137, 1138, 1139, 1140",GUAC x UGAA,4,4,alaS,ecoli_invivo
b2697,B1115,1131,0 x G,0,1,alaS,ecoli_invivo
b2697,B1155,"1155, 1173",U x U,1,1,alaS,ecoli_invivo
b2697,B1735,1749,0 x G,0,1,alaS,ecoli_invivo
b2697,B2002,2014,0 x A,0,1,alaS,ecoli_invivo
b2697,B2060,"2060, 2095",G x A,1,1,alaS,ecoli_invivo
b2697,B2068,"2068, 2069, 2070, 2071, 2083, 2084, 2085, 2086, 2087",GCAG x AUCGA,4,5,alaS,ecoli_invivo
b2697,B2263,"2263, 2264, 2290, 2291",GC x AA,2,2,alaS,ecoli_invivo
b2697,B2267,"2267, 2287",A x A,1,1,alaS,ecoli_invivo
b2697,B524,524,A x 0,1,0,alaS,ecoli_invivo
b2697,B528,"528, 542",U x C,1,1,alaS,ecoli_invivo
b2697,B68,"68, 83",U x C,1,1,alaS,ecoli_invivo
b2741,B259,"259, 260, 261, 262, 263, 264, 380, 381, 382",GAUGUC x UGA,6,3,rpoS,ecoli_invivo
b2741,B283,"283, 284",AU x 0,2,0,rpoS,ecoli_invivo
b2741,B336,"336, 356, 357, 358, 359",U x UUAU,1,4,rpoS,ecoli_invivo
b2741,B541,"541, 587, 588, 589, 590, 591, 592",A x AAGAGA,1,6,rpoS,ecoli_invivo
b2741,B548,"548, 580",G x A,1,1,rpoS,ecoli_invivo
b2741,B551,551,A x 0,1,0,rpoS,ecoli_invivo
b2741,B555,"571, 572, 573, 574",0 x CAUG,0,4,rpoS,ecoli_invivo
b2741,B788,788,U x 0,1,0,rpoS,ecoli_invivo
b2796,B294,305,0 x C,0,1,sdaC,ecoli_invivo
b2796,B536,"536, 554",U x C,1,1,sdaC,ecoli_invivo
b2796,B539,"539, 551",C x U,1,1,sdaC,ecoli_invivo
b2796,B580,"580, 581, 642, 643",AC x AA,2,2,sdaC,ecoli_invivo
b2796,B585,638,0 x U,0,1,sdaC,ecoli_invivo
b2796,B588,"588, 589, 590, 632, 633, 634",UCU x UGU,3,3,sdaC,ecoli_invivo
b2796,B593,"593, 594, 595, 596, 597, 598, 628, 629",ACACUG x AC,6,2,sdaC,ecoli_invivo
b2796,B607,619,0 x C,0,1,sdaC,ecoli_invivo
b2796,B690,"706, 707, 708",0 x CGU,0,3,sdaC,ecoli_invivo
b2796,B764,764,A x 0,1,0,sdaC,ecoli_invivo
b2796,B900,"900, 930",U x U,1,1,sdaC,ecoli_invivo
b2796,B907,"919, 920, 921, 922, 923",0 x AUUAU,0,5,sdaC,ecoli_invivo
b2890,B1233,1233,A x 0,1,0,lysS,ecoli_invivo
b2890,B1241,"1241, 1253, 1254",U x UU,1,2,lysS,ecoli_invivo
b2890,B885,"913, 914, 915, 916",0 x AUUC,0,4,lysS,ecoli_invivo
b2890,B888,888,G x 0,1,0,lysS,ecoli_invivo
b2890,B893,"893, 905",U x C,1,1,lysS,ecoli_invivo
b2911,B66,"66, 123",G x A,1,1,ssrS,ecoli_invivo
b2911,B79,"79, 80, 81, 82, 83, 108, 109, 110, 111, 112",GGUGA x CUUAA,5,5,ssrS,ecoli_invivo
b2911,B86,"86, 87, 88, 104, 105",AUG x AA,3,2,ssrS,ecoli_invivo
b2925,B33,"33, 34, 35, 64, 65",CGU x UU,3,2,fbaA,ecoli_invivo
b2925,B39,"39, 40, 41, 42, 43, 56, 57, 58, 59, 60",CACUG x AGAAA,5,5,fbaA,ecoli_invivo
b3029,B112,"114, 162, 163",C x UA,1,2,ygiN,ecoli_invivo
b3029,B117,"119, 120, 150, 151, 152, 153, 154, 155, 156, 157",AU x GAGUUUCC,2,8,ygiN,ecoli_invivo
b3029,B125,"127, 128, 129, 141, 142, 143",AUG x AGC,3,3,ygiN,ecoli_invivo
b3029,B64,"66, 67, 68, 81, 82, 83",UCA x CGU,3,3,ygiN,ecoli_invivo
b3035,B1114,"1183, 1196",U x C,1,1,tolC,ecoli_invivo
b3035,B542,"611, 701",U x U,1,1,tolC,ecoli_invivo
b3035,B581,"650, 651, 652, 653, 654, 655, 656, 680, 681, 682, 683, 684",CGCUGAA x AACCA,7,5,tolC,ecoli_invivo
b3037,B166,"186, 187, 188, 189, 206, 207, 208, 209, 210",CGAA x ACAAU,4,5,ygiB,ecoli_invivo
b3037,B276,"296, 307, 308, 309",A x CAG,1,3,ygiB,ecoli_invivo
b3037,B446,"489, 490",0 x GA,0,2,ygiB,ecoli_invivo
b3037,B448,"468, 469, 470, 485, 486",UUA x AC,3,2,ygiB,ecoli_invivo
b3067,B1091,"1091, 1092, 1093, 1094, 1095, 1127, 1128, 1129, 1130, 1131, 1132, 1133",GUAUG x AGAAAGA,5,7,rpoD,ecoli_invivo
b3067,B1098,1124,0 x C,0,1,rpoD,ecoli_invivo
b3067,B1100,1100,U x 0,1,0,rpoD,ecoli_invivo
b3067,B1106,"1106, 1107, 1116",AA x C,2,1,rpoD,ecoli_invivo
b3067,B1155,"1155, 1156, 1187, 1188",UC x AC,2,2,rpoD,ecoli_invivo
b3067,B1161,1182,0 x C,0,1,rpoD,ecoli_invivo
b3067,B161,161,A x 0,1,0,rpoD,ecoli_invivo
b3067,B27,"27, 28, 29, 30, 55, 56, 57",GAAA x CAA,4,3,rpoD,ecoli_invivo
b3067,B335,379,0 x A,0,1,rpoD,ecoli_invivo
b3067,B435,"435, 436, 454, 455",GG x GA,2,2,rpoD,ecoli_invivo
b3123,B205,219,0 x U,0,1,rnpB,ecoli_invivo
b3164,B1568,"1568, 1569, 1570",UGA x 0,3,0,pnp,ecoli_invivo
b3164,B1810,"1810, 1811, 1825",AA x A,2,1,pnp,ecoli_invivo
b3164,B193,"193, 208",G x G,1,1,pnp,ecoli_invivo
b3164,B2096,"2096, 2097, 2098, 2123, 2124",CUG x AA,3,2,pnp,ecoli_invivo
b3164,B2104,2117,0 x C,0,1,pnp,ecoli_invivo
b3164,B452,"452, 453, 466, 467",CU x UA,2,2,pnp,ecoli_invivo
b3164,B902,"902, 903, 904, 905, 906, 907, 946, 947, 948, 949, 950",AGAAAA x AUCGA,6,5,pnp,ecoli_invivo
b3164,B912,"912, 941",U x C,1,1,pnp,ecoli_invivo
b3164,B919,"919, 933, 934",A x AG,1,2,pnp,ecoli_invivo
b3168,B1147,1147,A x 0,1,0,infB,ecoli_invivo
b3168,B1151,1173,0 x G,0,1,infB,ecoli_invivo
b3168,B1155,1155,U x 0,1,0,infB,ecoli_invivo
b3168,B1231,"1231, 1245",A x A,1,1,infB,ecoli_invivo
b3168,B1548,"1548, 1549, 1550, 1564, 1565, 1566, 1567, 1568, 1569",GUA x GAAGAG,3,6,infB,ecoli_invivo
b3168,B1777,1777,A x 0,1,0,infB,ecoli_invivo
b3168,B1844,1887,0 x C,0,1,infB,ecoli_invivo
b3168,B1848,"1848, 1849, 1879, 1880, 1881, 1882",AG x GAAA,2,4,infB,ecoli_invivo
b3168,B1858,"1858, 1859, 1870",GC x A,2,1,infB,ecoli_invivo
b3168,B1972,"1972, 1973",CA x 0,2,0,infB,ecoli_invivo
b3168,B290,"290, 291, 307, 308, 309",AA x GCA,2,3,infB,ecoli_invivo
b3168,B821,"821, 822, 837, 838",AU x CG,2,2,infB,ecoli_invivo
b3168,B994,"994, 1013, 1014",G x AA,1,2,infB,ecoli_invivo
b3169,B1066,1066,A x 0,1,0,nusA,ecoli_invivo
b3169,B1071,"1071, 1072, 1131, 1132, 1133, 1134",CA x CUUC,2,4,nusA,ecoli_invivo
b3169,B1078,"1078, 1079, 1080, 1081, 1082, 1083, 1123, 1124, 1125",ACCAAA x GAA,6,3,nusA,ecoli_invivo
b3169,B1088,"1088, 1089, 1117, 1118",UC x CU,2,2,nusA,ecoli_invivo
b3169,B1094,1112,0 x C,0,1,nusA,ecoli_invivo
b3169,B1097,1097,A x 0,1,0,nusA,ecoli_invivo
b3169,B1405,"1405, 1406, 1407, 1408, 1428, 1429, 1430",GAUA x AAA,4,3,nusA,ecoli_invivo
b3169,B1412,"1412, 1413, 1423, 1424",AA x GA,2,2,nusA,ecoli_invivo
b3169,B148,148,G x 0,1,0,nusA,ecoli_invivo
b3169,B284,"284, 285, 299, 300, 301, 302",AU x UUAC,2,4,nusA,ecoli_invivo
b3169,B340,340,A x 0,1,0,nusA,ecoli_invivo
b3169,B461,"461, 462, 481, 482",UG x GU,2,2,nusA,ecoli_invivo
b3169,B466,"466, 467, 476, 477",AA x AA,2,2,nusA,ecoli_invivo
b3169,B540,540,U x 0,1,0,nusA,ecoli_invivo
b3169,B545,"545, 558",U x U,1,1,nusA,ecoli_invivo
b3169,B590,617,0 x U,0,1,nusA,ecoli_invivo
b3169,B593,"593, 594, 595, 596, 610, 611, 612, 613",CUCG x AUGC,4,4,nusA,ecoli_invivo
b3169,B703,"703, 704, 705, 727, 728, 729",AAA x AAA,3,3,nusA,ecoli_invivo
b3169,B710,"710, 721, 722",C x AA,1,2,nusA,ecoli_invivo
b3175,B175,"176, 177, 178, 179, 180, 181, 182, 217, 218, 219, 220, 221, 222, 223",UGGCAAC x AUCAAUA,7,7,secG,ecoli_invivo
b3175,B189,"190, 191, 208, 209",UU x CU,2,2,secG,ecoli_invivo
b3175,B264,"265, 266, 267, 268, 281, 282, 283, 284, 285",GCAC x AACAA,4,5,secG,ecoli_invivo
b3175,B30,"31, 70",A x C,1,1,secG,ecoli_invivo
b3175,B39,"40, 41, 42, 56, 57, 58, 59, 60, 61",AUU x UGAUCA,3,6,secG,ecoli_invivo
b3178,B1179,"1179, 1203",G x G,1,1,ftsH,ecoli_invivo
b3178,B1185,1185,U x 0,1,0,ftsH,ecoli_invivo
b3178,B1715,"1715, 1759, 1760",A x CC,1,2,ftsH,ecoli_invivo
b3178,B1720,"1720, 1721, 1722, 1723, 1724, 1725, 1753, 1754",AUGAAA x GA,6,2,ftsH,ecoli_invivo
b3178,B1730,"1730, 1748",C x C,1,1,ftsH,ecoli_invivo
b3178,B270,270,U x 0,1,0,ftsH,ecoli_invivo
b3178,B277,"277, 278, 279, 310, 311, 312, 313, 314, 315",CCU x AUCUCC,3,6,ftsH,ecoli_invivo
b3178,B285,"285, 286, 287, 302, 303, 304",ACC x CUA,3,3,ftsH,ecoli_invivo
b3178,B29,29,U x 0,1,0,ftsH,ecoli_invivo
b3178,B34,44,0 x U,0,1,ftsH,ecoli_invivo
b3178,B457,"457, 458, 476",GA x A,2,1,ftsH,ecoli_invivo
b3178,B626,"626, 627, 628, 629, 658, 659",CGAA x GA,4,2,ftsH,ecoli_invivo
b3178,B632,"632, 633, 654, 655",UU x UU,2,2,ftsH,ecoli_invivo
b3178,B732,"732, 733, 761, 762",AC x AC,2,2,ftsH,ecoli_invivo
b3178,B736,"736, 737, 738, 739, 756, 757, 758",UGCA x AAU,4,3,ftsH,ecoli_invivo
b3178,B853,"853, 854, 855, 856, 857, 858",UUCGAA x 0,6,0,ftsH,ecoli_invivo
b3179,B16,"16, 50",C x A,1,1,rlmE,ecoli_invivo
b3179,B22,"41, 42, 43, 44",0 x UUCA,0,4,rlmE,ecoli_invivo
b3179,B239,"239, 272",U x U,1,1,rlmE,ecoli_invivo
b3179,B242,"242, 243, 269",CU x U,2,1,rlmE,ecoli_invivo
b3179,B246,"246, 266",C x C,1,1,rlmE,ecoli_invivo
b3179,B80,"80, 81, 82, 83, 84, 85, 86",AGAAAAA x 0,7,0,rlmE,ecoli_invivo
b3183,B420,"420, 421, 422, 423, 424, 464, 465, 466, 467, 468, 469",GAAAA x AGCUGA,5,6,obgE,ecoli_invivo
b3183,B428,"428, 460",A x C,1,1,obgE,ecoli_invivo
b3183,B434,434,C x 0,1,0,obgE,ecoli_invivo
b3183,B437,452,0 x A,0,1,obgE,ecoli_invivo
b3183,B439,"439, 449",G x G,1,1,obgE,ecoli_invivo
b3192,B199,"199, 200, 226",UA x C,2,1,mlaC,ecoli_invivo
b3192,B206,"206, 220",A x G,1,1,mlaC,ecoli_invivo
b3192,B402,"402, 418",C x C,1,1,mlaC,ecoli_invivo
b3192,B605,"605, 606, 622, 623, 624",AA x GAA,2,3,mlaC,ecoli_invivo
b3193,B204,"219, 220",0 x GG,0,2,mlaD,ecoli_invivo
b3193,B447,"447, 448, 449, 468, 469, 470",GUU x CGA,3,3,mlaD,ecoli_invivo
b3194,B21,21,G x 0,1,0,mlaE,ecoli_invivo
b3194,B219,"219, 220, 221, 222, 223, 224, 225, 226, 239, 240, 241, 242, 243, 244, 245",AGGUUAUC x CUUAUAG,8,7,mlaE,ecoli_invivo
b3194,B32,"32, 33, 34, 35, 51, 52, 53, 54, 55, 56",AUAA x GAGAAC,4,6,mlaE,ecoli_invivo
b3194,B470,"470, 492",U x C,1,1,mlaE,ecoli_invivo
b3194,B473,473,U x 0,1,0,mlaE,ecoli_invivo
b3194,B520,"520, 644",G x G,1,1,mlaE,ecoli_invivo
b3194,B539,603,0 x C,0,1,mlaE,ecoli_invivo
b3194,B544,"544, 545",AG x 0,2,0,mlaE,ecoli_invivo
b3194,B553,"553, 554, 586, 587, 588, 589, 590",UU x CGUAU,2,5,mlaE,ecoli_invivo
b3194,B564,"564, 565, 566, 576",AAU x C,3,1,mlaE,ecoli_invivo
b3194,B657,"657, 658, 659",UAA x 0,3,0,mlaE,ecoli_invivo
b3194,B666,"666, 667, 668, 669, 670, 671, 672",CGACGCC x 0,7,0,mlaE,ecoli_invivo
b3198,B160,"214, 215",0 x GU,0,2,kdsC,ecoli_invivo
b3198,B165,"165, 166, 167, 168, 169, 170, 171, 204, 205, 206, 207, 208",UGUUCGU x UGAUA,7,5,kdsC,ecoli_invivo
b3198,B174,174,C x 0,1,0,kdsC,ecoli_invivo
b3198,B178,"178, 179, 180, 181, 195, 196, 197, 198",UAUG x GCUC,4,4,kdsC,ecoli_invivo
b3198,B72,80,0 x G,0,1,kdsC,ecoli_invivo
b3200,B126,"126, 127, 128, 129, 130, 131, 147, 148, 149, 150, 151",GCAAUC x CAACG,6,5,lptA,ecoli_invivo
b3200,B347,347,U x 0,1,0,lptA,ecoli_invivo
b3206,B104,104,U x 0,1,0,npr,ecoli_invivo
b3206,B108,108,A x 0,1,0,npr,ecoli_invivo
b3228,B120,"120, 134",G x A,1,1,sspB,ecoli_invivo
b3229,B11,"11, 31",C x A,1,1,sspA,ecoli_invivo
b3229,B16,26,0 x C,0,1,sspA,ecoli_invivo
b3229,B377,"377, 393",A x A,1,1,sspA,ecoli_invivo
b3229,B517,"517, 518",AU x 0,2,0,sspA,ecoli_invivo
b3229,B76,"76, 86",C x U,1,1,sspA,ecoli_invivo
b3230,B54,54,C x 0,1,0,rpsI,ecoli_invivo
b3231,B178,"178, 179, 180, 181, 182, 183, 202",GACAAA x A,6,1,rplM,ecoli_invivo
b3256,B209,"209, 218",C x C,1,1,accC,ecoli_invivo
b3256,B301,"301, 302, 303, 372",AUC x A,3,1,accC,ecoli_invivo
b3256,B310,310,G x 0,1,0,accC,ecoli_invivo
b3256,B314,362,0 x C,0,1,accC,ecoli_invivo
b3256,B317,"317, 318, 357, 358",AA x AA,2,2,accC,ecoli_invivo
b3256,B321,"321, 354",A x C,1,1,accC,ecoli_invivo
b3256,B324,"324, 351",A x A,1,1,accC,ecoli_invivo
b3256,B327,"327, 328, 329, 345, 346, 347, 348",CAU x CAAA,3,4,accC,ecoli_invivo
b3256,B432,"432, 433, 468, 469",AA x GA,2,2,accC,ecoli_invivo
b3256,B438,"438, 460, 461, 462, 463",U x UAUC,1,4,accC,ecoli_invivo
b3256,B443,"443, 455",U x U,1,1,accC,ecoli_invivo
b3256,B680,"680, 681",AA x 0,2,0,accC,ecoli_invivo
b3256,B685,"685, 686, 687",GAC x 0,3,0,accC,ecoli_invivo
b3256,B819,"819, 830",U x U,1,1,accC,ecoli_invivo
b3256,B853,853,U x 0,1,0,accC,ecoli_invivo
b3261,B123,"123, 124, 125, 126, 127, 128, 129, 149, 150, 151, 152",ACUGAAU x UCUA,7,4,fis,ecoli_invivo
b3261,B235,"235, 251, 252",C x AC,1,2,fis,ecoli_invivo
b3261,B59,"59, 60, 61, 62",AUCA x 0,4,0,fis,ecoli_invivo
b3294,B318,350,0 x A,0,1,rplQ,ecoli_invivo
b3294,B322,"322, 323, 344, 345",GC x UG,2,2,rplQ,ecoli_invivo
b3294,B326,341,0 x A,0,1,rplQ,ecoli_invivo
b3294,B92,"92, 104",A x A,1,1,rplQ,ecoli_invivo
b3295,B185,"185, 209",A x C,1,1,rpoA,ecoli_invivo
b3295,B188,"188, 206",G x G,1,1,rpoA,ecoli_invivo
b3295,B219,"219, 220, 240, 241, 242",CG x AAU,2,3,rpoA,ecoli_invivo
b3295,B282,"282, 283, 301",CA x A,2,1,rpoA,ecoli_invivo
b3295,B450,"502, 503",0 x AU,0,2,rpoA,ecoli_invivo
b3295,B453,"453, 454, 455, 456",UUAU x 0,4,0,rpoA,ecoli_invivo
b3295,B469,"469, 470, 485",AC x A,2,1,rpoA,ecoli_invivo
b3295,B535,"535, 536, 557, 558",CC x AU,2,2,rpoA,ecoli_invivo
b3295,B542,542,A x 0,1,0,rpoA,ecoli_invivo
b3295,B584,"584, 585, 586, 596, 597, 598, 599",GUA x ACAA,3,4,rpoA,ecoli_invivo
b3295,B617,"617, 618, 619, 662, 663, 664",AAA x CAA,3,3,rpoA,ecoli_invivo
b3295,B622,"622, 658, 659",A x GC,1,2,rpoA,ecoli_invivo
b3295,B628,"628, 629, 652",AC x C,2,1,rpoA,ecoli_invivo
b3295,B635,"635, 636",AU x 0,2,0,rpoA,ecoli_invivo
b3295,B680,"680, 681, 743",AA x A,2,1,rpoA,ecoli_invivo
b3295,B693,"693, 719, 720",C x CU,1,2,rpoA,ecoli_invivo
b3295,B700,"700, 712",U x C,1,1,rpoA,ecoli_invivo
b3295,B863,"863, 878",A x C,1,1,rpoA,ecoli_invivo
b3295,B97,"97, 112",C x A,1,1,rpoA,ecoli_invivo
b3296,B314,"314, 315, 316, 366, 367, 368",UGG x AAU,3,3,rpsD,ecoli_invivo
b3296,B321,"321, 359, 360, 361",C x AUA,1,3,rpsD,ecoli_invivo
b3296,B325,"354, 355",0 x UA,0,2,rpsD,ecoli_invivo
b3296,B329,349,0 x C,0,1,rpsD,ecoli_invivo
b3296,B331,"345, 346",0 x UC,0,2,rpsD,ecoli_invivo
b3296,B443,"443, 444, 455, 456",AA x AG,2,2,rpsD,ecoli_invivo
b3296,B547,"547, 548, 557, 558",AA x CG,2,2,rpsD,ecoli_invivo
b3300,B1000,1001,C x 0,1,0,secY,ecoli_invivo
b3300,B1110,1139,0 x A,0,1,secY,ecoli_invivo
b3300,B1112,"1113, 1135, 1136",C x CU,1,2,secY,ecoli_invivo
b3300,B1116,1131,0 x U,0,1,secY,ecoli_invivo
b3300,B1186,1222,0 x A,0,1,secY,ecoli_invivo
b3300,B1191,"1192, 1193, 1212, 1213, 1214, 1215, 1216",CC x CUCAC,2,5,secY,ecoli_invivo
b3300,B1262,"1263, 1292",A x C,1,1,secY,ecoli_invivo
b3300,B1267,"1268, 1269, 1270, 1284, 1285, 1286, 1287",UGA x GUAU,3,4,secY,ecoli_invivo
b3300,B228,"229, 320",A x A,1,1,secY,ecoli_invivo
b3300,B242,"271, 272, 273, 274",0 x AUUA,0,4,secY,ecoli_invivo
b3300,B246,266,0 x C,0,1,secY,ecoli_invivo
b3300,B288,"289, 301",G x A,1,1,secY,ecoli_invivo
b3300,B328,"329, 358",A x A,1,1,secY,ecoli_invivo
b3300,B331,355,0 x U,0,1,secY,ecoli_invivo
b3300,B336,"337, 348, 349",C x CA,1,2,secY,ecoli_invivo
b3300,B390,"391, 392, 419",CA x C,2,1,secY,ecoli_invivo
b3300,B394,"395, 416",C x U,1,1,secY,ecoli_invivo
b3300,B693,"694, 695, 762",UU x U,2,1,secY,ecoli_invivo
b3300,B703,"704, 705, 706, 707, 753",UAUU x U,4,1,secY,ecoli_invivo
b3300,B711,"712, 713, 747, 748",GA x GA,2,2,secY,ecoli_invivo
b3300,B720,"721, 722, 723, 724, 738, 739",CAAC x AA,4,2,secY,ecoli_invivo
b3300,B861,"862, 863",GC x 0,2,0,secY,ecoli_invivo
b3300,B990,"991, 992, 993, 994",UUCU x 0,4,0,secY,ecoli_invivo
b3300,B996,"997, 1018",A x C,1,1,secY,ecoli_invivo
b3301,B101,136,0 x G,0,1,rplO,ecoli_invivo
b3301,B106,"106, 107, 108, 109, 130",AAAG x G,4,1,rplO,ecoli_invivo
b3301,B179,"179, 258",G x A,1,1,rplO,ecoli_invivo
b3301,B189,"189, 229",A x A,1,1,rplO,ecoli_invivo
b3301,B197,"197, 198, 199, 200, 201, 202, 203, 218, 219, 220, 221",UCACUUC x UUAC,7,4,rplO,ecoli_invivo
b3301,B96,96,U x 0,1,0,rplO,ecoli_invivo
b3303,B301,344,0 x U,0,1,rpsE,ecoli_invivo
b3303,B389,"389, 416",C x C,1,1,rpsE,ecoli_invivo
b3303,B393,"393, 412",C x C,1,1,rpsE,ecoli_invivo
b3303,B398,407,0 x U,0,1,rpsE,ecoli_invivo
b3304,B143,"143, 175, 176, 177",U x GCU,1,3,rplR,ecoli_invivo
b3304,B151,"151, 152, 166, 167",GC x AA,2,2,rplR,ecoli_invivo
b3305,B295,"295, 296, 337, 338, 339",AA x GUU,2,3,rplF,ecoli_invivo
b3305,B300,"300, 301, 302, 333",CAA x U,3,1,rplF,ecoli_invivo
b3305,B305,"305, 330",U x U,1,1,rplF,ecoli_invivo
b3305,B308,"308, 309, 326, 327",UU x UC,2,2,rplF,ecoli_invivo
b3305,B495,506,0 x U,0,1,rplF,ecoli_invivo
b3306,B181,"181, 182, 195",CU x U,2,1,rpsH,ecoli_invivo
b3306,B206,"206, 207, 230",AA x G,2,1,rpsH,ecoli_invivo
b3306,B212,"212, 224, 225",U x UU,1,2,rpsH,ecoli_invivo
b3306,B87,"87, 126",C x A,1,1,rpsH,ecoli_invivo
b3306,B91,"91, 120, 121, 122",A x GAA,1,3,rpsH,ecoli_invivo
b3306,B95,"95, 96, 97, 98, 99, 100, 113, 114, 115, 116",UGAAAG x ACGU,6,4,rpsH,ecoli_invivo
b3309,B127,"127, 128, 129, 130, 131, 132, 133, 134, 158, 159, 160",AAGAAACA x ACC,8,3,rplX,ecoli_invivo
b3309,B139,"139, 140, 153",AA x C,2,1,rplX,ecoli_invivo
b3309,B172,"172, 173, 209, 210",AU x UA,2,2,rplX,ecoli_invivo
b3309,B179,"179, 180, 181, 182, 183",AAAAA x 0,5,0,rplX,ecoli_invivo
b3310,B124,"151, 152",0 x AA,0,2,rplN,ecoli_invivo
b3310,B129,"129, 130, 131, 132, 143, 144, 145",CAAA x CGC,4,3,rplN,ecoli_invivo
b3310,B30,47,0 x C,0,1,rplN,ecoli_invivo
b3310,B303,357,0 x A,0,1,rplN,ecoli_invivo
b3314,B125,"125, 137",A x A,1,1,rpsC,ecoli_invivo
b3314,B340,"340, 341, 342, 343, 344, 345, 421, 422, 423, 424",AAACUG x GCAA,6,4,rpsC,ecoli_invivo
b3314,B349,349,G x 0,1,0,rpsC,ecoli_invivo
b3314,B353,414,0 x A,0,1,rpsC,ecoli_invivo
b3314,B360,"360, 361, 406",CA x C,2,1,rpsC,ecoli_invivo
b3314,B366,"366, 367, 400, 401",UC x AU,2,2,rpsC,ecoli_invivo
b3314,B371,"371, 392, 393, 394, 395, 396",U x GUCGU,1,5,rpsC,ecoli_invivo
b3314,B482,"482, 483, 484, 510, 511, 512",AAA x AGG,3,3,rpsC,ecoli_invivo
b3314,B489,"489, 490, 505",AC x C,2,1,rpsC,ecoli_invivo
b3315,B102,"102, 103, 146, 147, 148, 149",UA x AAGU,2,4,rplV,ecoli_invivo
b3315,B112,"136, 137",0 x CU,0,2,rplV,ecoli_invivo
b3315,B116,131,0 x C,0,1,rplV,ecoli_invivo
b3315,B38,78,0 x U,0,1,rplV,ecoli_invivo
b3315,B42,"42, 43, 44, 45, 46, 69, 70, 71, 72, 73",UCAGA x GAUUC,5,5,rplV,ecoli_invivo
b3315,B52,"52, 63",C x U,1,1,rplV,ecoli_invivo
b3315,B95,"95, 156",C x A,1,1,rplV,ecoli_invivo
b3316,B186,"186, 205",A x C,1,1,rpsS,ecoli_invivo
b3317,B190,"190, 213, 214",A x AG,1,2,rplB,ecoli_invivo
b3317,B412,"412, 413, 436, 437, 438, 439",GG x AUGA,2,4,rplB,ecoli_invivo
b3317,B420,420,U x 0,1,0,rplB,ecoli_invivo
b3317,B789,789,U x 0,1,0,rplB,ecoli_invivo
b3318,B252,296,0 x C,0,1,rplW,ecoli_invivo
b3318,B256,"256, 291",A x C,1,1,rplW,ecoli_invivo
b3318,B259,"259, 260, 261, 262, 263, 264, 286, 287, 288",CUGAAA x GUU,6,3,rplW,ecoli_invivo
b3318,B269,"269, 281",G x A,1,1,rplW,ecoli_invivo
b3320,B104,"104, 122",C x C,1,1,rplC,ecoli_invivo
b3320,B150,"150, 151, 152, 181, 182, 183, 184, 185",GAC x ACCAA,3,5,rplC,ecoli_invivo
b3320,B156,177,0 x U,0,1,rplC,ecoli_invivo
b3320,B160,"171, 172",0 x UA,0,2,rplC,ecoli_invivo
b3320,B247,"263, 264",0 x AA,0,2,rplC,ecoli_invivo
b3320,B432,"432, 452",U x C,1,1,rplC,ecoli_invivo
b3320,B436,"436, 437, 438",AUC x 0,3,0,rplC,ecoli_invivo
b3320,B492,"492, 493, 494",GAU x 0,3,0,rplC,ecoli_invivo
b3320,B499,"499, 500, 501, 518, 519, 520",AAC x AGA,3,3,rplC,ecoli_invivo
b3321,B106,"106, 107, 108",GUC x 0,3,0,rpsJ,ecoli_invivo
b3321,B111,111,U x 0,1,0,rpsJ,ecoli_invivo
b3321,B44,54,0 x C,0,1,rpsJ,ecoli_invivo
b3321,B94,"94, 95, 137, 138, 139, 140",AC x AAGA,2,4,rpsJ,ecoli_invivo
b3321,B98,134,0 x G,0,1,rpsJ,ecoli_invivo
b3340,B1053,"1075, 1076, 1077",0 x CGU,0,3,fusA,ecoli_invivo
b3340,B1056,1071,0 x U,0,1,fusA,ecoli_invivo
b3340,B1174,"1174, 1202",A x A,1,1,fusA,ecoli_invivo
b3340,B1177,"1177, 1178, 1179, 1199",ACU x C,3,1,fusA,ecoli_invivo
b3340,B1183,"1183, 1195",G x G,1,1,fusA,ecoli_invivo
b3340,B1332,"1332, 1333, 1346, 1347",UU x CU,2,2,fusA,ecoli_invivo
b3340,B139,"236, 237, 238, 239",0 x AUGA,0,4,fusA,ecoli_invivo
b3340,B1413,"1413, 1425, 1426, 1427, 1428, 1429",C x UGAAU,1,5,fusA,ecoli_invivo
b3340,B144,"144, 145, 227, 228, 229, 230",AA x CUAA,2,4,fusA,ecoli_invivo
b3340,B148,"148, 149, 220, 221, 222, 223, 224",AU x GGUAU,2,5,fusA,ecoli_invivo
b3340,B158,211,0 x U,0,1,fusA,ecoli_invivo
b3340,B160,"160, 208",G x G,1,1,fusA,ecoli_invivo
b3340,B1616,"1616, 1617, 1618, 1619, 1620, 1621, 1622, 1623, 1653, 1654, 1655",ACAUUAAA x GGC,8,3,fusA,ecoli_invivo
b3340,B1626,1626,U x 0,1,0,fusA,ecoli_invivo
b3340,B163,"163, 205",C x A,1,1,fusA,ecoli_invivo
b3340,B1633,"1633, 1644",A x A,1,1,fusA,ecoli_invivo
b3340,B166,"166, 167, 201, 202",GA x GA,2,2,fusA,ecoli_invivo
b3340,B171,"196, 197",0 x GC,0,2,fusA,ecoli_invivo
b3340,B175,175,C x 0,1,0,fusA,ecoli_invivo
b3340,B1840,"1840, 1858",G x G,1,1,fusA,ecoli_invivo
b3340,B2041,"2041, 2042, 2043, 2044, 2045, 2054, 2055, 2056, 2057",ACUAU x UGAA,5,4,fusA,ecoli_invivo
b3340,B26,"26, 27, 44, 45, 46",GC x UCA,2,3,fusA,ecoli_invivo
b3340,B280,"280, 297, 298",G x AG,1,2,fusA,ecoli_invivo
b3340,B543,543,U x 0,1,0,fusA,ecoli_invivo
b3340,B572,"639, 640",0 x AC,0,2,fusA,ecoli_invivo
b3340,B578,"578, 579, 580, 581, 582, 583, 584, 585, 586, 629, 630, 631, 632",GGAACGACG x ACAU,9,4,fusA,ecoli_invivo
b3340,B590,590,A x 0,1,0,fusA,ecoli_invivo
b3340,B593,593,A x 0,1,0,fusA,ecoli_invivo
b3340,B597,"597, 598, 599, 600, 601, 602, 617, 618, 619, 620",CGUAAC x AUAU,6,4,fusA,ecoli_invivo
b3340,B873,883,0 x A,0,1,fusA,ecoli_invivo
b3340,B907,"907, 908, 955, 956",AA x GC,2,2,fusA,ecoli_invivo
b3340,B912,"912, 913, 914, 915, 916, 949, 950, 951",CACUC x UUC,5,3,fusA,ecoli_invivo
b3340,B922,"922, 923, 924, 941, 942, 943",GAA x ACG,3,3,fusA,ecoli_invivo
b3341,B285,"285, 306",U x U,1,1,rpsG,ecoli_invivo
b3341,B290,"290, 301",A x A,1,1,rpsG,ecoli_invivo
b3341,B502,515,0 x A,0,1,rpsG,ecoli_invivo
b3342,B139,"139, 140, 162",UC x U,2,1,rpsL,ecoli_invivo
b3342,B143,143,C x 0,1,0,rpsL,ecoli_invivo
b3342,B146,157,0 x U,0,1,rpsL,ecoli_invivo
b3342,B228,"228, 238",G x A,1,1,rpsL,ecoli_invivo
b3342,B249,249,U x 0,1,0,rpsL,ecoli_invivo
b3342,B25,"25, 78",C x A,1,1,rpsL,ecoli_invivo
b3342,B252,"252, 269",C x U,1,1,rpsL,ecoli_invivo
b3342,B28,"28, 29, 30, 74, 75",AAA x AA,3,2,rpsL,ecoli_invivo
b3342,B296,"296, 347",G x A,1,1,rpsL,ecoli_invivo
b3342,B300,"300, 343",U x U,1,1,rpsL,ecoli_invivo
b3342,B304,"304, 305, 306, 307, 308, 337, 338, 339",CUUGA x GCU,5,3,rpsL,ecoli_invivo
b3342,B314,"314, 330, 331",C x UA,1,2,rpsL,ecoli_invivo
b3342,B34,34,C x 0,1,0,rpsL,ecoli_invivo
b3342,B39,"39, 40, 65, 66",UC x CU,2,2,rpsL,ecoli_invivo
b3342,B44,"44, 45, 61",AA x G,2,1,rpsL,ecoli_invivo
b3342,B96,"96, 117, 118",C x UA,1,2,rpsL,ecoli_invivo
b3349,B132,143,0 x C,0,1,slyD,ecoli_invivo
b3349,B439,453,0 x C,0,1,slyD,ecoli_invivo
b3349,B570,"571, 580",G x G,1,1,slyD,ecoli_invivo
b3414,B335,335,A x 0,1,0,nfuA,ecoli_invivo
b3414,B338,"338, 339, 340, 341, 342, 355, 356, 357, 358",AUAUG x AUCA,5,4,nfuA,ecoli_invivo
b3414,B488,"510, 511",0 x AU,0,2,nfuA,ecoli_invivo
b3414,B491,"491, 492, 493, 504, 505, 506",AGA x GAA,3,3,nfuA,ecoli_invivo
b3414,B67,"67, 88, 89, 90, 91, 92",A x AUUAA,1,5,nfuA,ecoli_invivo
b3426,B1015,"1036, 1096",C x C,1,1,glpD,ecoli_invivo
b3426,B1019,1092,0 x U,0,1,glpD,ecoli_invivo
b3426,B1021,"1088, 1089",0 x AA,0,2,glpD,ecoli_invivo
b3426,B1029,"1050, 1079",A x A,1,1,glpD,ecoli_invivo
b3426,B1035,"1056, 1072, 1073",C x UA,1,2,glpD,ecoli_invivo
b3426,B498,"519, 548, 549",C x UU,1,2,glpD,ecoli_invivo
b3426,B504,"525, 526, 541, 542",UC x CU,2,2,glpD,ecoli_invivo
b3426,B605,"626, 627, 628, 644, 645, 646",GGG x ACG,3,3,glpD,ecoli_invivo
b3426,B647,"668, 669, 701, 702",CU x UU,2,2,glpD,ecoli_invivo
b3426,B655,"676, 677, 678, 679, 694",AUUC x A,4,1,glpD,ecoli_invivo
b3559,B1369,"1369, 1370, 1371, 1372, 1373, 1394, 1395, 1396, 1397, 1398, 1399, 1400, 1401, 1402",AAGAU x UCGGUAUCG,5,9,glyS,ecoli_invivo
b3559,B1467,"1467, 1498",A x C,1,1,glyS,ecoli_invivo
b3559,B1472,"1472, 1473, 1492, 1493",UC x CU,2,2,glyS,ecoli_invivo
b3559,B26,"26, 27, 28, 29",AAAU x 0,4,0,glyS,ecoli_invivo
b3559,B652,"652, 653",GA x 0,2,0,glyS,ecoli_invivo
b3559,B827,"827, 828, 856, 857, 858, 859, 860",CG x AAAUA,2,5,glyS,ecoli_invivo
b3559,B834,"834, 835, 836",UUA x 0,3,0,glyS,ecoli_invivo
b3560,B173,"207, 208, 209, 210",0 x CUAC,0,4,glyQ,ecoli_invivo
b3560,B441,"462, 463, 464, 465, 466, 467, 468, 469, 470, 471, 483, 484",GGAGUGUAAA x CG,10,2,glyQ,ecoli_invivo
b3560,B506,"527, 545",G x A,1,1,glyQ,ecoli_invivo
b3560,B671,702,0 x G,0,1,glyQ,ecoli_invivo
b3607,B152,"161, 162",0 x CA,0,2,cysE,ecoli_invivo
b3607,B192,"192, 193, 194, 220, 221, 222, 223",UGA x GACC,3,4,cysE,ecoli_invivo
b3607,B202,"202, 203, 212",GA x A,2,1,cysE,ecoli_invivo
b3607,B316,"316, 333",A x G,1,1,cysE,ecoli_invivo
b3607,B724,"724, 725, 726, 727, 747, 748, 749, 750, 751",CGUA x CGAUA,4,5,cysE,ecoli_invivo
b3607,B733,741,0 x A,0,1,cysE,ecoli_invivo
b3608,B433,"433, 434, 435, 458, 459, 460",GAA x CUA,3,3,gpsA,ecoli_invivo
b3608,B439,"439, 454",G x A,1,1,gpsA,ecoli_invivo
b3608,B486,"486, 526",C x A,1,1,gpsA,ecoli_invivo
b3608,B494,"494, 495, 496, 497, 498, 499, 500, 501, 514, 515, 516, 517, 518",AUGAUCUC x CACUG,8,5,gpsA,ecoli_invivo
b3608,B635,"635, 636, 637, 638, 639, 653, 654, 655, 656",CGAAU x UGAU,5,4,gpsA,ecoli_invivo
b3608,B774,"774, 775, 776, 777, 778, 779, 833, 834, 835, 836",GCGUAA x AGAA,6,4,gpsA,ecoli_invivo
b3608,B782,830,0 x A,0,1,gpsA,ecoli_invivo
b3608,B784,827,0 x C,0,1,gpsA,ecoli_invivo
b3608,B791,819,0 x A,0,1,gpsA,ecoli_invivo
b3608,B795,"795, 813, 814",G x GG,1,2,gpsA,ecoli_invivo
b3608,B892,"908, 909, 910",0 x AAA,0,3,gpsA,ecoli_invivo
b3608,B894,"894, 905",U x U,1,1,gpsA,ecoli_invivo
b3636,B105,"105, 106, 119",AC x A,2,1,rpmG,ecoli_invivo
b3649,B220,"220, 256",G x A,1,1,rpoZ,ecoli_invivo
b3649,B224,224,A x 0,1,0,rpoZ,ecoli_invivo
b3649,B227,"227, 250",A x A,1,1,rpoZ,ecoli_invivo
b3649,B231,"231, 246",C x C,1,1,rpoZ,ecoli_invivo
b3651,B135,"144, 145",0 x UC,0,2,trmH,ecoli_invivo
b3651,B159,179,0 x U,0,1,trmH,ecoli_invivo
b3651,B163,163,A x 0,1,0,trmH,ecoli_invivo
b3651,B278,"278, 279, 280, 291, 292, 293, 294",UUC x UCUU,3,4,trmH,ecoli_invivo
b3651,B406,441,0 x G,0,1,trmH,ecoli_invivo
b3651,B409,"409, 410, 436, 437",AU x CA,2,2,trmH,ecoli_invivo
b3651,B417,"417, 429",U x C,1,1,trmH,ecoli_invivo
b3651,B49,61,0 x A,0,1,trmH,ecoli_invivo
b3651,B522,"522, 523, 524, 586, 587, 588, 589, 590, 591, 592",AAA x GCGAAAG,3,7,trmH,ecoli_invivo
b3651,B529,"529, 530, 531, 532, 533",AUGUU x 0,5,0,trmH,ecoli_invivo
b3651,B540,575,0 x A,0,1,trmH,ecoli_invivo
b3651,B543,"543, 544, 545, 546, 547, 548, 549, 550, 551, 552",AGAGCAACAA x 0,10,0,trmH,ecoli_invivo
b3651,B614,"614, 615, 616, 617, 618, 619, 668, 669, 670, 671, 672, 673, 674",CUUAUC x CUACUAU,6,7,trmH,ecoli_invivo
b3651,B625,"661, 662",0 x UG,0,2,trmH,ecoli_invivo
b3651,B628,"628, 655, 656, 657",A x GCC,1,3,trmH,ecoli_invivo
b3651,B635,"635, 636, 637, 638, 647, 648",AAGG x AA,4,2,trmH,ecoli_invivo
b3704,B169,"174, 217, 218, 219",C x UUC,1,3,rnpA,ecoli_invivo
b3704,B172,"177, 178, 179, 180, 181, 182, 211, 212, 213, 214",CCAUGA x GAAA,6,4,rnpA,ecoli_invivo
b3704,B182,"187, 188, 206",AA x C,2,1,rnpA,ecoli_invivo
b3704,B329,"334, 335, 336, 337, 348, 349",CACU x UC,4,2,rnpA,ecoli_invivo
b3731,B198,"198, 222",U x U,1,1,atpC,ecoli_invivo
b3731,B202,"202, 218",G x A,1,1,atpC,ecoli_invivo
b3731,B24,"24, 25, 66, 67, 68, 69, 70",CG x GAAAA,2,5,atpC,ecoli_invivo
b3731,B29,62,0 x U,0,1,atpC,ecoli_invivo
b3731,B300,"300, 301, 302, 303, 334, 335",UAAG x GA,4,2,atpC,ecoli_invivo
b3731,B308,"308, 328, 329",A x CA,1,2,atpC,ecoli_invivo
b3731,B33,"33, 34, 56, 57",CG x GU,2,2,atpC,ecoli_invivo
b3731,B378,"392, 393",0 x UU,0,2,atpC,ecoli_invivo
b3731,B40,40,C x 0,1,0,atpC,ecoli_invivo
b3731,B89,"89, 90, 91, 118, 119, 120, 121",AAG x GCAC,3,4,atpC,ecoli_invivo
b3731,B95,"95, 96, 114",AA x C,2,1,atpC,ecoli_invivo
b3732,B1027,"1027, 1039, 1040",C x CC,1,2,atpD,ecoli_invivo
b3732,B1061,"1061, 1080",A x C,1,1,atpD,ecoli_invivo
b3732,B147,"147, 163",C x A,1,1,atpD,ecoli_invivo
b3732,B268,"268, 269, 290",AA x A,2,1,atpD,ecoli_invivo
b3732,B272,272,U x 0,1,0,atpD,ecoli_invivo
b3732,B63,63,U x 0,1,0,atpD,ecoli_invivo
b3732,B66,"83, 84",0 x AU,0,2,atpD,ecoli_invivo
b3732,B936,"936, 937, 956, 957",CU x CC,2,2,atpD,ecoli_invivo
b3734,B1373,"1373, 1374, 1375, 1404, 1405",AUG x AG,3,2,atpA,ecoli_invivo
b3734,B1381,1398,0 x C,0,1,atpA,ecoli_invivo
b3734,B150,"150, 160",U x U,1,1,atpA,ecoli_invivo
b3734,B601,"601, 602, 603, 631, 632, 633",AAA x AAA,3,3,atpA,ecoli_invivo
b3734,B608,626,0 x U,0,1,atpA,ecoli_invivo
b3736,B111,"111, 112, 121, 122",AA x GC,2,2,atpF,ecoli_invivo
b3736,B226,"226, 227, 253, 254",AU x CA,2,2,atpF,ecoli_invivo
b3736,B233,233,A x 0,1,0,atpF,ecoli_invivo
b3736,B317,"317, 334, 335",A x GA,1,2,atpF,ecoli_invivo
b3736,B48,"48, 49, 50, 51, 150, 151, 152, 153, 154",GUUC x ACAUA,4,5,atpF,ecoli_invivo
b3736,B56,56,U x 0,1,0,atpF,ecoli_invivo
b3736,B64,"64, 65, 138",AU x C,2,1,atpF,ecoli_invivo
b3736,B80,"80, 93",C x A,1,1,atpF,ecoli_invivo
b3738,B317,"317, 331",U x U,1,1,atpB,ecoli_invivo
b3738,B358,"358, 359, 360, 361, 362, 469, 470, 471, 472, 473, 474",UUACU x GUAUUU,5,6,atpB,ecoli_invivo
b3738,B375,"375, 376, 377, 378, 379, 380, 395, 396, 397, 398, 399, 400, 401",GCUGCC x AUGUACU,6,7,atpB,ecoli_invivo
b3738,B411,"411, 412, 413, 455, 456, 457, 458",UGC x CUAU,3,4,atpB,ecoli_invivo
b3738,B416,"416, 452",U x U,1,1,atpB,ecoli_invivo
b3738,B421,"421, 422, 423, 445, 446, 447",GUG x GUA,3,3,atpB,ecoli_invivo
b3738,B428,440,0 x U,0,1,atpB,ecoli_invivo
b3738,B612,621,0 x C,0,1,atpB,ecoli_invivo
b3738,B700,"700, 701, 736, 737, 738, 739",CA x AUCC,2,4,atpB,ecoli_invivo
b3738,B707,"707, 708, 709, 710",UCCU x 0,4,0,atpB,ecoli_invivo
b3738,B716,716,U x 0,1,0,atpB,ecoli_invivo
b3738,B781,781,A x 0,1,0,atpB,ecoli_invivo
b3781,B243,"243, 259, 260",G x GU,1,2,trxA,ecoli_invivo
b3783,B114,"114, 133",C x A,1,1,rho,ecoli_invivo
b3783,B117,"117, 118, 119, 129, 130",GAA x AA,3,2,rho,ecoli_invivo
b3783,B424,"424, 433",A x C,1,1,rho,ecoli_invivo
b3783,B523,"523, 524, 525, 526, 527, 528, 529, 548, 549, 550, 551, 552",CUGAUUG x GUAAA,7,5,rho,ecoli_invivo
b3783,B676,690,0 x U,0,1,rho,ecoli_invivo
b3783,B804,"804, 805, 806, 846, 847, 848, 849",UCG x UAAA,3,4,rho,ecoli_invivo
b3783,B815,815,G x 0,1,0,rho,ecoli_invivo
b3783,B818,"818, 819, 820, 834, 835",CUU x UC,3,2,rho,ecoli_invivo
b3783,B923,"923, 924, 925, 926, 939, 940",AAGA x GA,4,2,rho,ecoli_invivo
b3831,B143,170,U x 0,1,0,udp,ecoli_invivo
b3831,B312,339,U x 0,1,0,udp,ecoli_invivo
b3834,B185,"185, 186",AA x 0,2,0,ubiJ,ecoli_invivo
b3834,B192,"192, 214, 215, 216",A x AUC,1,3,ubiJ,ecoli_invivo
b3834,B197,"197, 209",A x C,1,1,ubiJ,ecoli_invivo
b3834,B459,"459, 460, 461, 462, 463, 464, 465, 466, 467, 468, 483, 484, 485, 486, 487, 488, 489, 490, 491, 492",GCAACGUUAU x UACUGAAGAG,10,10,ubiJ,ecoli_invivo
b3834,B74,"74, 75, 76, 77, 78, 79, 80, 81, 103, 104, 105, 106, 107, 108, 109, 110",UGAAAACG x AAAGUAUU,8,8,ubiJ,ecoli_invivo
b3834,B86,98,0 x U,0,1,ubiJ,ecoli_invivo
b3893,B117,"117, 118, 119, 120, 133, 134, 135",UAUC x UGU,4,3,fdoH,ecoli_invivo
b3893,B274,"274, 275, 276, 368",GAA x A,3,1,fdoH,ecoli_invivo
b3893,B308,308,G x 0,1,0,fdoH,ecoli_invivo
b3893,B314,"314, 315",AU x 0,2,0,fdoH,ecoli_invivo
b3893,B318,"318, 338",A x C,1,1,fdoH,ecoli_invivo
b3893,B322,334,0 x U,0,1,fdoH,ecoli_invivo
b3893,B426,"426, 440",C x U,1,1,fdoH,ecoli_invivo
b3893,B664,"664, 685",A x C,1,1,fdoH,ecoli_invivo
b3893,B667,682,0 x C,0,1,fdoH,ecoli_invivo
b3908,B465,"465, 466, 467, 514, 515, 516",UAU x CAU,3,3,sodA,ecoli_invivo
b3908,B472,"472, 509",G x G,1,1,sodA,ecoli_invivo
b3908,B477,"477, 504",U x U,1,1,sodA,ecoli_invivo
b3908,B483,"483, 484, 485, 498",CUU x C,3,1,sodA,ecoli_invivo
b3929,B280,"293, 294",0 x AG,0,2,rraA,ecoli_invivo
b3929,B454,454,A x 0,1,0,rraA,ecoli_invivo
b3931,B1040,"1054, 1079",A x C,1,1,hslU,ecoli_invivo
b3931,B1043,"1073, 1074, 1075, 1076",0 x UGAU,0,4,hslU,ecoli_invivo
b3931,B1141,"1155, 1156, 1157, 1175, 1176, 1177, 1178",AUC x CUCG,3,4,hslU,ecoli_invivo
b3931,B1191,"1205, 1206, 1207, 1208, 1222, 1223, 1224",UAAU x UAC,4,3,hslU,ecoli_invivo
b3931,B1225,"1239, 1240",AA x 0,2,0,hslU,ecoli_invivo
b3931,B1229,1243,G x 0,1,0,hslU,ecoli_invivo
b3931,B435,449,A x 0,1,0,hslU,ecoli_invivo
b3931,B457,"500, 501, 502, 503, 504, 505, 506",0 x AGCUUGA,0,7,hslU,ecoli_invivo
b3931,B460,"474, 496",A x G,1,1,hslU,ecoli_invivo
b3931,B464,492,0 x U,0,1,hslU,ecoli_invivo
b3931,B651,"665, 666, 667, 668, 693, 694, 695, 696, 697",UGAA x GAAAC,4,5,hslU,ecoli_invivo
b3931,B661,"675, 676, 685, 686",GA x GA,2,2,hslU,ecoli_invivo
b3931,B829,"843, 857",G x A,1,1,hslU,ecoli_invivo
b3932,B115,"115, 116, 117, 118, 119, 120, 121, 122",UACAACGA x 0,8,0,hslV,ecoli_invivo
b3936,B174,"174, 189, 190",C x UU,1,2,rpmE,ecoli_invivo
b3961,B793,"793, 808",C x C,1,1,oxyR,ecoli_invivo
b3961,B841,"841, 851",C x A,1,1,oxyR,ecoli_invivo
b3963,B431,433,A x 0,1,0,fabR,ecoli_invivo
b3963,B438,"440, 459",G x A,1,1,fabR,ecoli_invivo
b3963,B551,"553, 554, 582, 583, 584, 585",CU x UUAU,2,4,fabR,ecoli_invivo
b3963,B555,"557, 558, 578, 579",AA x GG,2,2,fabR,ecoli_invivo
b3963,B559,"561, 574, 575",G x AA,1,2,fabR,ecoli_invivo
b3964,B72,"72, 73, 74, 75, 76, 77, 92, 93, 94, 95, 96",UUUCGC x CCAUU,6,5,yijD,ecoli_invivo
b3984,B216,"216, 217, 325, 326",CG x AU,2,2,rplA,ecoli_invivo
b3984,B238,"238, 239, 240",CAA x 0,3,0,rplA,ecoli_invivo
b3984,B244,"244, 245, 246, 247, 248, 275, 276, 277, 278",GCAAA x CAGA,5,4,rplA,ecoli_invivo
b3984,B253,"253, 254, 268, 269, 270",GA x GCA,2,3,rplA,ecoli_invivo
b3984,B348,"348, 357",U x U,1,1,rplA,ecoli_invivo
b3984,B583,"583, 584, 597, 598",GC x AA,2,2,rplA,ecoli_invivo
b3984,B78,"78, 79, 104, 105",UA x CU,2,2,rplA,ecoli_invivo
b3984,B84,"84, 85, 86, 98, 99",ACU x UG,3,2,rplA,ecoli_invivo
b3987,B1258,"1258, 1298, 1299",C x UC,1,2,rpoB,ecoli_invivo
b3987,B1264,"1264, 1265, 1266, 1267, 1268, 1269, 1285, 1286, 1287, 1288, 1289, 1290, 1291, 1292",AAAGAC x AUGAAAAA,6,8,rpoB,ecoli_invivo
b3987,B132,"132, 174, 175, 176",A x GAU,1,3,rpoB,ecoli_invivo
b3987,B1354,1419,0 x U,0,1,rpoB,ecoli_invivo
b3987,B1357,"1357, 1358, 1359, 1410, 1411, 1412, 1413, 1414, 1415",AUC x UGUAGA,3,6,rpoB,ecoli_invivo
b3987,B136,136,C x 0,1,0,rpoB,ecoli_invivo
b3987,B1363,"1363, 1406",U x U,1,1,rpoB,ecoli_invivo
b3987,B1366,"1366, 1367, 1368, 1403",GUU x U,3,1,rpoB,ecoli_invivo
b3987,B1372,"1372, 1399",G x G,1,1,rpoB,ecoli_invivo
b3987,B1375,"1375, 1376, 1377, 1396",AUG x G,3,1,rpoB,ecoli_invivo
b3987,B144,"144, 145, 162, 163",UC x UU,2,2,rpoB,ecoli_invivo
b3987,B1526,"1526, 1527, 1528, 1542, 1543",GCC x UA,3,2,rpoB,ecoli_invivo
b3987,B1652,"1652, 1653, 1654, 1671",ACC x C,3,1,rpoB,ecoli_invivo
b3987,B1832,"1832, 1833, 1883",AA x A,2,1,rpoB,ecoli_invivo
b3987,B2077,"2077, 2078, 2096",CU x U,2,1,rpoB,ecoli_invivo
b3987,B2082,2082,C x 0,1,0,rpoB,ecoli_invivo
b3987,B2187,"2187, 2222",U x U,1,1,rpoB,ecoli_invivo
b3987,B2190,"2190, 2219",C x A,1,1,rpoB,ecoli_invivo
b3987,B2194,"2194, 2214, 2215",A x AG,1,2,rpoB,ecoli_invivo
b3987,B2277,"2277, 2278, 2279, 2321, 2322",UAA x GU,3,2,rpoB,ecoli_invivo
b3987,B2285,"2313, 2314, 2315",0 x GUC,0,3,rpoB,ecoli_invivo
b3987,B2352,"2352, 2353, 2354, 2355, 2356, 2385, 2386, 2387, 2388, 2389",AGACG x GCUUG,5,5,rpoB,ecoli_invivo
b3987,B2360,"2360, 2381",C x U,1,1,rpoB,ecoli_invivo
b3987,B2363,"2363, 2378",C x A,1,1,rpoB,ecoli_invivo
b3987,B2763,"2763, 2764, 2765, 2766",AAAC x 0,4,0,rpoB,ecoli_invivo
b3987,B2794,"2794, 2795, 2796, 2827",CAG x A,3,1,rpoB,ecoli_invivo
b3987,B2803,"2803, 2819, 2820",A x AA,1,2,rpoB,ecoli_invivo
b3987,B2806,2816,0 x U,0,1,rpoB,ecoli_invivo
b3987,B281,"281, 282, 283, 328",CAC x C,3,1,rpoB,ecoli_invivo
b3987,B288,"288, 323",G x A,1,1,rpoB,ecoli_invivo
b3987,B295,"295, 296, 297, 298, 299, 300, 301, 312, 313, 314, 315, 316",AAACUGC x CUAUG,7,5,rpoB,ecoli_invivo
b3987,B3126,"3141, 3142",0 x GA,0,2,rpoB,ecoli_invivo
b3987,B3363,"3363, 3364, 3365, 3366, 3396, 3397, 3398, 3399, 3400, 3401",GAAA x GAAACA,4,6,rpoB,ecoli_invivo
b3987,B3372,3372,C x 0,1,0,rpoB,ecoli_invivo
b3987,B3412,"3412, 3429",G x A,1,1,rpoB,ecoli_invivo
b3987,B3513,"3513, 3514, 3544, 3545",UC x AU,2,2,rpoB,ecoli_invivo
b3987,B3519,"3519, 3520, 3521, 3522, 3523, 3538, 3539",UGAAA x AU,5,2,rpoB,ecoli_invivo
b3987,B368,"368, 391, 392",A x AC,1,2,rpoB,ecoli_invivo
b3987,B3737,"3737, 3738, 3739, 3801, 3802, 3803",GUU x UCA,3,3,rpoB,ecoli_invivo
b3987,B3747,"3747, 3748, 3793",UU x U,2,1,rpoB,ecoli_invivo
b3987,B3751,"3751, 3752, 3753, 3754, 3789, 3790",UACA x AC,4,2,rpoB,ecoli_invivo
b3987,B3759,"3759, 3760, 3783, 3784",GG x UA,2,2,rpoB,ecoli_invivo
b3987,B3828,"3828, 3849, 3850",G x AG,1,2,rpoB,ecoli_invivo
b3987,B3904,3904,A x 0,1,0,rpoB,ecoli_invivo
b3987,B3908,"3908, 3925",A x G,1,1,rpoB,ecoli_invivo
b3987,B406,"406, 417",U x C,1,1,rpoB,ecoli_invivo
b3987,B462,462,C x 0,1,0,rpoB,ecoli_invivo
b3987,B658,"658, 666",A x C,1,1,rpoB,ecoli_invivo
b3987,B833,"833, 834, 835, 836, 837",AAAAA x 0,5,0,rpoB,ecoli_invivo
b3987,B841,"841, 842, 857, 858",GA x AA,2,2,rpoB,ecoli_invivo
b3987,B845,854,0 x U,0,1,rpoB,ecoli_invivo
b3987,B988,"988, 989, 990, 991, 1008, 1009, 1010, 1011",CACA x GUUC,4,4,rpoB,ecoli_invivo
b3988,B1155,"1155, 1156, 1157, 1158, 1159, 1181, 1182, 1183, 1184",GGAAC x UUAA,5,4,rpoC,ecoli_invivo
b3988,B1162,1162,C x 0,1,0,rpoC,ecoli_invivo
b3988,B1211,"1211, 1212",AA x 0,2,0,rpoC,ecoli_invivo
b3988,B1215,1246,0 x A,0,1,rpoC,ecoli_invivo
b3988,B1219,1219,G x 0,1,0,rpoC,ecoli_invivo
b3988,B1338,"1338, 1339, 1340, 1358, 1359, 1360",UAU x UUU,3,3,rpoC,ecoli_invivo
b3988,B1412,1441,0 x C,0,1,rpoC,ecoli_invivo
b3988,B1488,"1488, 1498",C x A,1,1,rpoC,ecoli_invivo
b3988,B1629,"1629, 1694",U x C,1,1,rpoC,ecoli_invivo
b3988,B1661,"1678, 1679",0 x AA,0,2,rpoC,ecoli_invivo
b3988,B1742,1742,U x 0,1,0,rpoC,ecoli_invivo
b3988,B1768,1768,U x 0,1,0,rpoC,ecoli_invivo
b3988,B1772,"1772, 1786",U x C,1,1,rpoC,ecoli_invivo
b3988,B1946,"1946, 1960",A x A,1,1,rpoC,ecoli_invivo
b3988,B2004,2018,0 x U,0,1,rpoC,ecoli_invivo
b3988,B2544,"2544, 2645",U x U,1,1,rpoC,ecoli_invivo
b3988,B2547,"2547, 2548, 2641, 2642",GA x AA,2,2,rpoC,ecoli_invivo
b3988,B2554,"2554, 2635",G x G,1,1,rpoC,ecoli_invivo
b3988,B2572,2572,G x 0,1,0,rpoC,ecoli_invivo
b3988,B2578,2578,C x 0,1,0,rpoC,ecoli_invivo
b3988,B2582,"2582, 2609, 2610, 2611",A x ACC,1,3,rpoC,ecoli_invivo
b3988,B2697,2697,C x 0,1,0,rpoC,ecoli_invivo
b3988,B282,"282, 283, 284, 285, 286, 287, 288, 289",GACUAAAG x 0,8,0,rpoC,ecoli_invivo
b3988,B2903,"2903, 2904, 2905, 2921, 2922, 2923",ACU x UUA,3,3,rpoC,ecoli_invivo
b3988,B3036,3036,U x 0,1,0,rpoC,ecoli_invivo
b3988,B3140,3140,C x 0,1,0,rpoC,ecoli_invivo
b3988,B3144,"3144, 3169, 3170, 3171, 3172",U x UCUU,1,4,rpoC,ecoli_invivo
b3988,B3480,3522,0 x U,0,1,rpoC,ecoli_invivo
b3988,B3483,"3483, 3484, 3485",UAU x 0,3,0,rpoC,ecoli_invivo
b3988,B3491,3513,0 x U,0,1,rpoC,ecoli_invivo
b3988,B3495,"3495, 3508",C x A,1,1,rpoC,ecoli_invivo
b3988,B3570,"3570, 3580",U x C,1,1,rpoC,ecoli_invivo
b3988,B389,389,U x 0,1,0,rpoC,ecoli_invivo
b3988,B4007,"4007, 4028, 4029",C x AA,1,2,rpoC,ecoli_invivo
b3988,B4073,"4073, 4100",C x A,1,1,rpoC,ecoli_invivo
b3988,B4076,"4076, 4077, 4097",CA x A,2,1,rpoC,ecoli_invivo
b3988,B4083,4091,0 x C,0,1,rpoC,ecoli_invivo
b3988,B470,"470, 471",AG x 0,2,0,rpoC,ecoli_invivo
b3988,B477,"477, 493",C x U,1,1,rpoC,ecoli_invivo
b3988,B481,481,A x 0,1,0,rpoC,ecoli_invivo
b3988,B558,"558, 574",G x A,1,1,rpoC,ecoli_invivo
b3988,B687,"687, 705",G x G,1,1,rpoC,ecoli_invivo
b3988,B727,"727, 739",C x C,1,1,rpoC,ecoli_invivo
b3988,B902,"902, 903",AA x 0,2,0,rpoC,ecoli_invivo
b4000,B218,"218, 219, 228, 229",CA x AC,2,2,hupA,ecoli_invivo
b4000,B44,"44, 45, 46, 47, 48, 49, 62, 63, 64, 65, 66, 67",AACUGU x CUAAAG,6,6,hupA,ecoli_invivo
b4014,B1001,1001,U x 0,1,0,aceB,ecoli_invivo
b4014,B1485,"1485, 1498",C x U,1,1,aceB,ecoli_invivo
b4014,B301,"301, 302, 313, 314, 315",AA x AAC,2,3,aceB,ecoli_invivo
b4014,B50,"50, 51, 52, 53, 83, 84",AUGG x AA,4,2,aceB,ecoli_invivo
b4014,B56,56,A x 0,1,0,aceB,ecoli_invivo
b4014,B61,76,0 x A,0,1,aceB,ecoli_invivo
b4014,B688,"688, 696",A x A,1,1,aceB,ecoli_invivo
b4014,B736,"736, 754",A x C,1,1,aceB,ecoli_invivo
b4014,B997,1060,0 x U,0,1,aceB,ecoli_invivo
b4138,B586,"611, 612, 613, 614",0 x UGGA,0,4,dcuA,ecoli_invivo
b4138,B590,"590, 591, 592, 603, 604, 605, 606",AUC x CAAG,3,4,dcuA,ecoli_invivo
b4138,B786,"786, 804",C x C,1,1,dcuA,ecoli_invivo
b4138,B791,"791, 799",U x C,1,1,dcuA,ecoli_invivo
b4138,B869,"869, 897, 898, 899, 900, 901, 902",U x UAUCCU,1,6,dcuA,ecoli_invivo
b4138,B874,892,0 x A,0,1,dcuA,ecoli_invivo
b4142,B88,"88, 119",U x U,1,1,groS,ecoli_invivo
b4142,B91,"115, 116",0 x GA,0,2,groS,ecoli_invivo
b4142,B93,"93, 112",A x G,1,1,groS,ecoli_invivo
b4170,B11,"1652, 1653, 1654, 1655, 1656, 1657, 1658, 1659, 1660",UAUUCGAAC x 0,9,0,mutL,ecoli_invivo
b4170,B23,1674,0 x G,0,1,mutL,ecoli_invivo
b4170,B73,1714,U x 0,1,0,mutL,ecoli_invivo
b4170,B77,"1718, 1719, 1734",CA x A,2,1,mutL,ecoli_invivo
b4171,B220,"220, 221",GA x 0,2,0,miaA,ecoli_invivo
b4171,B230,230,A x 0,1,0,miaA,ecoli_invivo
b4171,B233,"233, 234, 235, 236, 237, 282, 283, 284, 285, 286",CUUAC x UAUCA,5,5,miaA,ecoli_invivo
b4171,B244,"244, 245, 246, 247",GCUG x 0,4,0,miaA,ecoli_invivo
b4171,B257,266,0 x U,0,1,miaA,ecoli_invivo
b4171,B402,593,0 x A,0,1,miaA,ecoli_invivo
b4171,B405,"405, 406, 407, 408, 584, 585, 586, 587, 588, 589",ACAG x AUCAGG,4,6,miaA,ecoli_invivo
b4171,B413,"413, 579",C x A,1,1,miaA,ecoli_invivo
b4171,B427,"482, 483",0 x AU,0,2,miaA,ecoli_invivo
b4171,B432,"432, 476",A x G,1,1,miaA,ecoli_invivo
b4171,B437,"437, 470, 471",A x CA,1,2,miaA,ecoli_invivo
b4171,B441,441,U x 0,1,0,miaA,ecoli_invivo
b4171,B447,"447, 448, 449",UCA x 0,3,0,miaA,ecoli_invivo
b4171,B495,"495, 496, 497, 546, 547, 548",ACA x AAC,3,3,miaA,ecoli_invivo
b4171,B502,"502, 541",C x A,1,1,miaA,ecoli_invivo
b4171,B506,537,0 x U,0,1,miaA,ecoli_invivo
b4171,B512,"512, 513, 514, 530",CAC x U,3,1,miaA,ecoli_invivo
b4171,B71,"71, 72, 94, 95, 96, 97",CG x AAAA,2,4,miaA,ecoli_invivo
b4171,B758,"758, 759, 760, 761, 762, 763, 773, 774, 775, 776, 777",AGAUGU x UUGAA,6,5,miaA,ecoli_invivo
b4171,B77,77,U x 0,1,0,miaA,ecoli_invivo
b4173,B1022,1032,0 x A,0,1,hflX,ecoli_invivo
b4173,B1186,"1187, 1188, 1238",AG x G,2,1,hflX,ecoli_invivo
b4173,B1192,"1193, 1233",G x G,1,1,hflX,ecoli_invivo
b4173,B1204,"1205, 1220",U x C,1,1,hflX,ecoli_invivo
b4173,B160,"173, 174",0 x UA,0,2,hflX,ecoli_invivo
b4173,B221,222,U x 0,1,0,hflX,ecoli_invivo
b4173,B224,"225, 226, 227, 245, 246",UUC x AU,3,2,hflX,ecoli_invivo
b4173,B289,"290, 291, 292",AGU x 0,3,0,hflX,ecoli_invivo
b4173,B42,"43, 44, 133, 134",CA x AU,2,2,hflX,ecoli_invivo
b4173,B49,"50, 51, 52, 53, 54, 55, 56, 123, 124, 125, 126, 127",AUUUUAC x AUUGC,7,5,hflX,ecoli_invivo
b4173,B529,"530, 563",G x G,1,1,hflX,ecoli_invivo
b4173,B534,"535, 536, 537, 538, 539, 540, 554, 555, 556, 557, 558",GAAAGA x GUGAG,6,5,hflX,ecoli_invivo
b4173,B58,"59, 60, 118, 119, 120",AA x GAA,2,3,hflX,ecoli_invivo
b4173,B64,"65, 66, 67, 68, 69, 70, 110, 111, 112, 113",AAGAUA x CCGG,6,4,hflX,ecoli_invivo
b4173,B666,"667, 668, 669, 670, 671, 691, 692, 693, 694, 695, 696",UACGC x ACCCUC,5,6,hflX,ecoli_invivo
b4173,B77,"78, 79, 80, 101, 102",CCU x UC,3,2,hflX,ecoli_invivo
b4173,B84,96,0 x U,0,1,hflX,ecoli_invivo
b4174,B1044,1044,C x 0,1,0,hflK,ecoli_invivo
b4174,B1216,"1216, 1229",C x A,1,1,hflK,ecoli_invivo
b4174,B45,"45, 77",G x A,1,1,hflK,ecoli_invivo
b4174,B51,"51, 52, 70, 71",AA x AA,2,2,hflK,ecoli_invivo
b4174,B55,"55, 67",A x G,1,1,hflK,ecoli_invivo
b4174,B640,640,A x 0,1,0,hflK,ecoli_invivo
b4174,B768,"768, 769, 770, 771, 782, 783, 784, 785",CGCG x AACA,4,4,hflK,ecoli_invivo
b4174,B856,"856, 857, 869",AU x C,2,1,hflK,ecoli_invivo
b4175,B254,"254, 255, 268, 269, 270",AA x GAC,2,3,hflC,ecoli_invivo
b4175,B783,793,0 x G,0,1,hflC,ecoli_invivo
b4175,B820,"820, 821, 822, 832, 833, 834, 835, 836, 837",GAA x GAAGCA,3,6,hflC,ecoli_invivo
b4175,B847,"847, 848, 859, 860",UU x UU,2,2,hflC,ecoli_invivo
b4175,B892,938,0 x U,0,1,hflC,ecoli_invivo
b4175,B895,"895, 896",AG x 0,2,0,hflC,ecoli_invivo
b4175,B901,"901, 902, 929, 930",CG x AU,2,2,hflC,ecoli_invivo
b4175,B907,"907, 908, 909, 924",UAU x U,3,1,hflC,ecoli_invivo
b4200,B155,"155, 156, 157, 158, 159, 205, 206, 207, 208",ACAAA x GAAG,5,4,rpsF,ecoli_invivo
b4200,B164,"164, 165, 166, 167, 199, 200",ACAA x CC,4,2,rpsF,ecoli_invivo
b4200,B171,"171, 172, 173, 174, 175, 192, 193, 194, 195",ACACU x UGAA,5,4,rpsF,ecoli_invivo
b4200,B267,"267, 268, 269, 285, 286, 287, 288",UAU x UGUU,3,4,rpsF,ecoli_invivo
b4200,B81,81,U x 0,1,0,rpsF,ecoli_invivo
b4201,B143,"143, 144, 145, 146, 147, 148, 171, 172, 173, 174, 175",GUCAAA x CGAAA,6,5,priB,ecoli_invivo
b4201,B151,"151, 168",C x A,1,1,priB,ecoli_invivo
b4201,B25,"25, 37",G x A,1,1,priB,ecoli_invivo
b4201,B77,77,A x 0,1,0,priB,ecoli_invivo
b4201,B82,107,0 x U,0,1,priB,ecoli_invivo
b4201,B85,"85, 86, 102, 103",UU x UU,2,2,priB,ecoli_invivo
b4201,B89,99,0 x U,0,1,priB,ecoli_invivo
b4203,B162,"162, 163, 164, 178, 179",GGA x GA,3,2,rplI,ecoli_invivo
b4203,B238,"238, 261",A x A,1,1,rplI,ecoli_invivo
b4203,B242,257,0 x A,0,1,rplI,ecoli_invivo
b4203,B301,"301, 302, 303, 318",GAC x U,3,1,rplI,ecoli_invivo
b4203,B341,"341, 342, 358, 359",AA x GG,2,2,rplI,ecoli_invivo
b4217,B22,"22, 23, 24, 38, 39, 40, 41",AAC x CGAA,3,4,ytfK,ecoli_invivo
b4226,B476,"476, 477, 478, 479, 493, 494, 495, 496, 497",CAGA x GAAAU,4,5,ppa,ecoli_invivo
b4258,B1284,"1284, 1315, 1316",G x UA,1,2,valS,ecoli_invivo
b4258,B1290,"1290, 1309",G x G,1,1,valS,ecoli_invivo
b4258,B1328,"1328, 1343",G x G,1,1,valS,ecoli_invivo
b4258,B1459,"1459, 1514",C x U,1,1,valS,ecoli_invivo
b4258,B1463,1510,0 x G,0,1,valS,ecoli_invivo
b4258,B1468,"1468, 1469, 1503, 1504",CC x AA,2,2,valS,ecoli_invivo
b4258,B1472,"1472, 1473, 1474, 1475, 1476, 1496, 1497, 1498, 1499, 1500",AAAAU x UCCAC,5,5,valS,ecoli_invivo
b4258,B1479,"1479, 1493",C x A,1,1,valS,ecoli_invivo
b4258,B1558,"1558, 1568",A x C,1,1,valS,ecoli_invivo
b4258,B1793,"1793, 1840",C x C,1,1,valS,ecoli_invivo
b4258,B1796,"1796, 1797, 1798, 1799, 1800, 1835, 1836, 1837",AGAAG x ACG,5,3,valS,ecoli_invivo
b4258,B1805,"1805, 1806, 1830",UC x U,2,1,valS,ecoli_invivo
b4258,B1810,"1810, 1811, 1825, 1826",AA x CA,2,2,valS,ecoli_invivo
b4258,B1982,"2026, 2027",0 x UG,0,2,valS,ecoli_invivo
b4258,B1986,2021,0 x A,0,1,valS,ecoli_invivo
b4258,B1988,2018,0 x C,0,1,valS,ecoli_invivo
b4258,B1991,"1991, 2014",A x C,1,1,valS,ecoli_invivo
b4258,B2329,"2329, 2352",A x C,1,1,valS,ecoli_invivo
b4258,B2465,"2465, 2466, 2467, 2468",UGGA x 0,4,0,valS,ecoli_invivo
b4258,B2474,"2474, 2485",U x U,1,1,valS,ecoli_invivo
b4258,B504,504,U x 0,1,0,valS,ecoli_invivo
b4258,B879,"879, 880, 881, 882, 883, 956, 957, 958, 959, 960, 961, 962",CGCCC x ACGAAUC,5,7,valS,ecoli_invivo
b4258,B888,"888, 889, 950, 951",GA x AA,2,2,valS,ecoli_invivo
b4258,B892,"946, 947",0 x AC,0,2,valS,ecoli_invivo
b4258,B895,942,0 x C,0,1,valS,ecoli_invivo
b4258,B899,899,U x 0,1,0,valS,ecoli_invivo
b4258,B904,"904, 905, 930, 931, 932, 933",AC x CGCC,2,4,valS,ecoli_invivo
b4258,B910,"910, 925",G x G,1,1,valS,ecoli_invivo
b4259,B161,"161, 162, 174",AA x G,2,1,holC,ecoli_invivo
b4259,B249,277,0 x C,0,1,holC,ecoli_invivo
b4259,B254,"254, 271",C x A,1,1,holC,ecoli_invivo
b4259,B413,"413, 414, 426, 427",GU x UA,2,2,holC,ecoli_invivo
b4262,B499,"499, 500, 558, 559",AA x GC,2,2,lptG,ecoli_invivo
b4262,B510,"510, 511, 512, 544, 545, 546, 547, 548",AGA x GAGAA,3,5,lptG,ecoli_invivo
b4262,B519,519,U x 0,1,0,lptG,ecoli_invivo
b4262,B587,"587, 588, 589, 590, 591, 617, 618",AGUUU x UG,5,2,lptG,ecoli_invivo
b4262,B595,613,0 x C,0,1,lptG,ecoli_invivo
b4262,B691,"691, 692, 693, 694, 734, 735",AAAA x AC,4,2,lptG,ecoli_invivo
b4262,B698,"698, 728, 729, 730",A x CGC,1,3,lptG,ecoli_invivo
b4262,B701,725,0 x U,0,1,lptG,ecoli_invivo
b4314,B224,"224, 225, 226, 235, 236, 237",UCG x AUU,3,3,fimA,ecoli_invivo
b4314,B376,"376, 377, 393, 394",AU x UG,2,2,fimA,ecoli_invivo
b4314,B442,"442, 443, 444, 468",AAU x C,3,1,fimA,ecoli_invivo
b4391,B1422,"1561, 1562, 1563, 1573, 1574, 1575",GAG x GGU,3,3,ettA,ecoli_invivo
b4391,B216,"355, 356, 357, 358, 384, 385, 386, 387",GACA x GGAA,4,4,ettA,ecoli_invivo
b4391,B222,"361, 381",C x U,1,1,ettA,ecoli_invivo
b4391,B326,"465, 466, 488, 489",CU x UC,2,2,ettA,ecoli_invivo
b4391,B330,"469, 470, 471, 483, 484, 485",GAC x UAA,3,3,ettA,ecoli_invivo
b4391,B438,"577, 578",CU x 0,2,0,ettA,ecoli_invivo
b4391,B558,"697, 698, 721, 722",GA x GA,2,2,ettA,ecoli_invivo
b4456,B16,"16, 17, 18, 19, 20, 46, 47, 48, 49, 50",AUCUC x ACUCC,5,5,glmZ,ecoli_invivo
b4456,B26,"26, 27, 38, 39, 40",UU x CCU,2,3,glmZ,ecoli_invivo
b4456,B98,"98, 99, 108, 109",UC x CU,2,2,glmZ,ecoli_invivo
b4484,B197,"197, 198, 199, 213",CCC x U,3,1,cpxP,ecoli_invivo
b4484,B242,"242, 250",U x C,1,1,cpxP,ecoli_invivo
b4557,B213,213,U x 0,1,0,yidD,ecoli_invivo
b4557,B41,53,0 x U,0,1,yidD,ecoli_invivo
b4558,B35,177,C x 0,1,0,yifL,ecoli_invivo
b4707,B105,"105, 106, 107, 108, 109, 110, 111, 112, 113, 114, 129, 130, 131, 132, 133, 134, 135, 136, 137, 138",GCAACGUUAU x UACUGAAGAG,10,10,esrE,ecoli_invivo
b4707,B17,"17, 18, 48, 49",CC x AA,2,2,esrE,ecoli_invivo
b4707,B23,23,A x 0,1,0,esrE,ecoli_invivo
b4707,B26,"26, 41",C x C,1,1,esrE,ecoli_invivo
